-- MySQL dump 10.13  Distrib 8.0.21, for Win64 (x86_64)
--
-- Host: 127.0.0.1    Database: web-tim-tro
-- ------------------------------------------------------
-- Server version	5.6.49-log

/*!40101 SET @OLD_CHARACTER_SET_CLIENT=@@CHARACTER_SET_CLIENT */;
/*!40101 SET @OLD_CHARACTER_SET_RESULTS=@@CHARACTER_SET_RESULTS */;
/*!40101 SET @OLD_COLLATION_CONNECTION=@@COLLATION_CONNECTION */;
/*!50503 SET NAMES utf8 */;
/*!40103 SET @OLD_TIME_ZONE=@@TIME_ZONE */;
/*!40103 SET TIME_ZONE='+00:00' */;
/*!40014 SET @OLD_UNIQUE_CHECKS=@@UNIQUE_CHECKS, UNIQUE_CHECKS=0 */;
/*!40014 SET @OLD_FOREIGN_KEY_CHECKS=@@FOREIGN_KEY_CHECKS, FOREIGN_KEY_CHECKS=0 */;
/*!40101 SET @OLD_SQL_MODE=@@SQL_MODE, SQL_MODE='NO_AUTO_VALUE_ON_ZERO' */;
/*!40111 SET @OLD_SQL_NOTES=@@SQL_NOTES, SQL_NOTES=0 */;

--
-- Table structure for table `apartment`
--

DROP TABLE IF EXISTS `apartment`;
/*!40101 SET @saved_cs_client     = @@character_set_client */;
/*!50503 SET character_set_client = utf8mb4 */;
CREATE TABLE `apartment` (
  `id` int(11) NOT NULL AUTO_INCREMENT,
  `title` varchar(255) NOT NULL,
  `description` varchar(255) CHARACTER SET utf8 DEFAULT NULL,
  `price` int(11) NOT NULL,
  `views` int(11) NOT NULL DEFAULT '0',
  `area` int(11) NOT NULL DEFAULT '0',
  `bathRoom` int(11) NOT NULL DEFAULT '0',
  `bedRoom` int(11) NOT NULL DEFAULT '0',
  `status` tinyint(4) NOT NULL DEFAULT '0',
  `wardrobe` int(11) NOT NULL DEFAULT '0',
  `create_at` datetime(6) NOT NULL DEFAULT CURRENT_TIMESTAMP(6),
  `hint` text NOT NULL,
  `update_at` datetime(6) NOT NULL DEFAULT CURRENT_TIMESTAMP(6),
  `delete_at` datetime(6) DEFAULT NULL,
  `isApprove` tinyint(4) DEFAULT '0',
  `approve_at` datetime DEFAULT NULL,
  `deadline` datetime DEFAULT NULL,
  `streetNo` varchar(255) CHARACTER SET utf8 DEFAULT NULL,
  `avatar` varchar(255) DEFAULT 'https://www.avatarins.com/image/homesmall.png',
  `userDeletedId` int(11) DEFAULT NULL,
  `userId` int(11) DEFAULT NULL,
  `userApproveId` int(11) DEFAULT NULL,
  `typeId` int(11) DEFAULT NULL,
  `pricePostId` int(11) DEFAULT NULL,
  `apartmentDetailId` int(11) DEFAULT NULL,
  `provinceId` int(11) DEFAULT NULL,
  `districtId` int(11) DEFAULT NULL,
  `wardId` int(11) DEFAULT NULL,
  `streetId` int(11) DEFAULT NULL,
  PRIMARY KEY (`id`),
  UNIQUE KEY `REL_ea138d0facc2263d48d189f6a7` (`apartmentDetailId`),
  KEY `FK_92b5918afdb0d8203da3f250f18` (`userDeletedId`),
  KEY `FK_66717aecf2ca7ffcfb2a441aaa0` (`userId`),
  KEY `FK_3854dfcdc8976cb1b8fa940d4b5` (`userApproveId`),
  KEY `FK_919e9579992651b337562d226a2` (`typeId`),
  KEY `FK_073f41f3261c3bbdf0aeed84449` (`pricePostId`),
  KEY `FK_1a6c9d73986029a7675dc65570a` (`provinceId`),
  KEY `FK_283fa49716bfcbcf43dfdc783bf` (`districtId`),
  KEY `FK_ff67c93f2795f4ecf4b51186a15` (`wardId`),
  KEY `FK_c17bfe74616051ba89c4db5ea54` (`streetId`),
  CONSTRAINT `FK_073f41f3261c3bbdf0aeed84449` FOREIGN KEY (`pricePostId`) REFERENCES `price` (`id`) ON DELETE SET NULL ON UPDATE NO ACTION,
  CONSTRAINT `FK_1a6c9d73986029a7675dc65570a` FOREIGN KEY (`provinceId`) REFERENCES `province` (`id`) ON DELETE SET NULL ON UPDATE CASCADE,
  CONSTRAINT `FK_283fa49716bfcbcf43dfdc783bf` FOREIGN KEY (`districtId`) REFERENCES `district` (`id`) ON DELETE SET NULL ON UPDATE CASCADE,
  CONSTRAINT `FK_3854dfcdc8976cb1b8fa940d4b5` FOREIGN KEY (`userApproveId`) REFERENCES `user` (`id`) ON DELETE SET NULL ON UPDATE NO ACTION,
  CONSTRAINT `FK_66717aecf2ca7ffcfb2a441aaa0` FOREIGN KEY (`userId`) REFERENCES `user` (`id`) ON DELETE SET NULL ON UPDATE CASCADE,
  CONSTRAINT `FK_919e9579992651b337562d226a2` FOREIGN KEY (`typeId`) REFERENCES `apartment_type` (`id`) ON DELETE SET NULL ON UPDATE NO ACTION,
  CONSTRAINT `FK_92b5918afdb0d8203da3f250f18` FOREIGN KEY (`userDeletedId`) REFERENCES `user` (`id`) ON DELETE SET NULL ON UPDATE CASCADE,
  CONSTRAINT `FK_c17bfe74616051ba89c4db5ea54` FOREIGN KEY (`streetId`) REFERENCES `street` (`id`) ON DELETE SET NULL ON UPDATE CASCADE,
  CONSTRAINT `FK_ea138d0facc2263d48d189f6a76` FOREIGN KEY (`apartmentDetailId`) REFERENCES `apartment_detail` (`id`) ON DELETE SET NULL ON UPDATE CASCADE,
  CONSTRAINT `FK_ff67c93f2795f4ecf4b51186a15` FOREIGN KEY (`wardId`) REFERENCES `ward` (`id`) ON DELETE SET NULL ON UPDATE CASCADE
) ENGINE=InnoDB AUTO_INCREMENT=33 DEFAULT CHARSET=utf8mb4;
/*!40101 SET character_set_client = @saved_cs_client */;

--
-- Dumping data for table `apartment`
--

LOCK TABLES `apartment` WRITE;
/*!40000 ALTER TABLE `apartment` DISABLE KEYS */;
INSERT INTO `apartment` VALUES (2,'Nhà trọ rẻ bèo',NULL,25000000,4,25,1,5,1,2,'2020-12-28 06:18:57.418472','Đặng Thùy Trâm,Đông Ngạc,Bắc Từ Liêm,TP Hà Nội,Đặng Thùy Trâm,Bắc Từ Liêm,TP Hà Nội,Hội trường Ba Đình','2020-12-28 07:15:17.000000',NULL,1,'2020-12-28 06:28:07','2021-01-04 06:28:07','10 xuân khuê','http://192.168.43.89:3000/apartment-1609110998684.jpg',NULL,3,1,1,1,2,1,2,16,178),(3,'Rẻ chưa từng thấy',NULL,3100000,6,25,5,5,1,5,'2020-12-28 06:31:55.360518','Châu Long, Cống Vị,Ba Đình,TP Hà Nội,Châu Long,Ba Đình,TP Hà Nội,Bảo tàng Hồ Chí Minh,Chùa Một Cột,Hội trường Ba Đình','2020-12-28 07:20:07.000000',NULL,1,'2020-12-28 06:38:22','2021-01-18 06:38:22','35/10 thái hà','https://www.avatarins.com/image/homesmall.png',NULL,3,1,4,3,3,1,1,1,83),(4,'Chung cư thần thánh',NULL,30000000,2,30,5,5,1,5,'2020-12-28 06:34:03.494673','Đại Mỗ,Trung văn,Nam Từ Liêm,TP Hà Nội,Đại Mỗ,Nam Từ Liêm,TP Hà Nội,Cột cờ Hà Nội','2020-12-28 07:06:03.000000',NULL,1,'2020-12-28 06:38:37','2021-02-26 06:38:37','35/10 hihi','http://192.168.43.89:3000/apartment-1609112007874.jpg',NULL,3,1,3,5,4,1,10,142,820),(5,'Chung cư mới xây ',NULL,5000000,4,45,8,6,1,10,'2020-12-28 06:38:06.602453','Đinh Núp,Nghĩa Tân,Cầu Giấy,TP Hà Nội,Đinh Núp,Cầu Giấy,TP Hà Nội,Lăng Chủ tịch Hồ Chí Minh,Hội trường Ba Đình','2020-12-28 07:01:24.000000',NULL,1,'2020-12-28 06:38:38','2021-01-27 06:38:38','10/10','http://192.168.43.89:3000/apartment-1609112140464.jpg',NULL,3,1,3,4,5,1,3,31,7),(6,'Nhanh tay kẻo hết',NULL,3500000,5,60,5,2,0,5,'2020-12-28 06:42:43.073205','Châu Long,Đội Cấn,Ba Đình,TP Hà Nội,Châu Long,Ba Đình,TP Hà Nội,Hoàng thành Thăng Long,Công viên Lê Nin,Phủ Chủ tịch','2020-12-28 08:09:17.000000',NULL,1,'2020-12-28 06:58:45','2021-01-18 06:58:45','ahihi','http://192.168.43.89:3000/apartment-1609112514909.jpg',NULL,3,1,1,3,6,1,1,3,83),(7,'Qúa rẻ cho một căn nhà',NULL,250000,2,70,1,1,0,1,'2020-12-28 06:56:27.557910','Giải Phóng,Hoàng Văn Thụ,Hoàng Mai,TP Hà Nội,Giải Phóng,Hoàng Mai,TP Hà Nội,Cột cờ Hà Nội,Bảo tàng Hồ Chí Minh,Hội trường Ba Đình,Bảo tàng Quân đội,Bảo tàng Mỹ thuật,Chùa Một Cột','2020-12-28 07:12:08.000000',NULL,1,'2020-12-28 06:58:47','2021-02-26 06:58:47','10','https://www.avatarins.com/image/homesmall.png',NULL,3,1,1,5,7,1,8,112,688),(8,'NHÀ TRỌ BÌNH DÂN GIÁ RẺ ƯU ĐÃI',NULL,2500000,3,30,1,1,0,1,'2020-12-28 06:58:06.389872','Chu Huy Mân,Giang Biên,Long Biên,TP Hà Nội,Chu Huy Mân,Long Biên,TP Hà Nội,Bảo tàng Hồ Chí Minh','2021-06-11 11:05:32.000000',NULL,1,'2020-12-28 06:58:48','2021-01-27 06:58:48','35/10','http://192.168.43.89:3000/apartment-1609113455009.JPG',NULL,3,1,1,4,8,1,9,127,743),(9,'Rẻ chưa từng thấy',NULL,3000000,4,30,3,3,0,1,'2020-12-28 06:59:10.838670','Giáp Nhất,Hạ Đình,Thanh Xuân,TP Hà Nội,Giáp Nhất,Thanh Xuân,TP Hà Nội','2020-12-28 07:06:24.000000',NULL,1,'2020-12-28 07:03:54','2021-01-11 07:03:54','89','https://www.avatarins.com/image/homesmall.png',NULL,3,1,3,2,9,1,12,155,933),(10,'NHÀ ĐẸP TRONG MƠ',NULL,3500000,4,30,1,1,0,1,'2020-12-28 07:06:18.836342','Châu Đài,Cổ Nhuế 1,Bắc Từ Liêm,TP Hà Nội,Châu Đài,Bắc Từ Liêm,TP Hà Nội,Quảng trường Ba Đình','2020-12-28 07:15:42.000000',NULL,1,'2020-12-28 07:06:53','2021-01-18 07:06:53','50','http://192.168.43.89:3000/apartment-1609113946498.jpg',NULL,3,1,3,3,10,1,2,14,175),(11,'Còn gì rẻ hơn nữa',NULL,3600000,7,30,1,1,0,1,'2020-12-28 07:07:29.417494','Hoàng Hoa Thám,Bưởi,Tây Hồ,TP Hà Nội,Hoàng Hoa Thám,Tây Hồ,TP Hà Nội,THPT Xuân Đỉnh','2020-12-28 07:21:56.000000',NULL,1,'2020-12-28 07:10:39','2021-02-26 07:10:39','35','https://www.avatarins.com/image/homesmall.png',NULL,3,1,1,5,11,1,11,147,889),(12,'Nhà đẹp 2/ Nguyễn Ảnh Thủ ngã 4 Trung Chánh 6x15m, 1 lầu 3,5 tỷ',NULL,5000000,1,50,1,1,0,1,'2020-12-28 07:09:23.246221','Giáp Nhất,Hạ Đình,Thanh Xuân,TP Hà Nội,Giáp Nhất,Thanh Xuân,TP Hà Nội,Học viện Kỹ thuật Quân sự','2020-12-28 07:10:40.000000',NULL,1,'2020-12-28 07:10:40','2021-01-27 07:10:40','320','https://www.avatarins.com/image/homesmall.png',NULL,3,1,4,4,12,1,12,155,933),(13,'Phòng trọ giá rẻ 343 Đội Cấn - Ba Đình',NULL,6000000,5,25,1,1,0,1,'2020-12-28 07:12:52.959603','Hồ Tùng Mậu,Mai Dịch,Cầu Giấy,TP Hà Nội,Hồ Tùng Mậu,Cầu Giấy,TP Hà Nội,Hội trường Ba Đình','2020-12-28 07:19:18.000000',NULL,1,'2020-12-28 07:13:14','2021-01-18 07:13:14',NULL,'https://www.avatarins.com/image/homesmall.png',NULL,5,1,3,3,13,1,3,29,15),(14,'Cho thuê gấp mặt phố Trần Nhân Tông chỉ 60 triệu, 60m2, MT 18m',NULL,2500000,2,40,1,1,0,2,'2020-12-28 07:16:41.666408','Bùi Thị Xuân,Bạch Mai,Hai Bà Trưng,TP Hà Nội,Bùi Thị Xuân,Hai Bà Trưng,TP Hà Nội,Cột cờ Hà Nội,Hội trường Ba Đình,Bảo tàng Quân đội','2020-12-28 07:24:54.000000',NULL,1,'2020-12-28 07:23:53','2021-01-18 07:23:53','số 30','http://192.168.43.89:3000/apartment-1609114592915.jpg',NULL,5,1,1,3,14,1,6,75,419),(15,'Nhà 5.2x16m, 1 lửng 3PN gần hồ cá Koi Nhật Bản đg nhựa7m thông 3,15 tỷ',NULL,7000000,4,30,1,1,0,1,'2020-12-28 07:18:23.195153','Khương Đình,Khương Trung,Thanh Xuân,TP Hà Nội,Khương Đình,Thanh Xuân,TP Hà Nội,Đại học Tài nguyên và Môi trường','2020-12-28 12:46:36.000000',NULL,1,'2020-12-28 07:23:55','2021-01-27 07:23:55','35','https://www.avatarins.com/image/homesmall.png',NULL,3,1,2,4,15,1,12,158,941),(16,'Cho Thuê Căn Hộ CCMN 36m2 Phòng Đẹp Ngõ 165, Dương Quảng Hàm, Cầu Giấy',NULL,4999999,3,25,1,1,0,1,'2020-12-28 07:18:25.383059','Dương Quảng Hàm,Dịch Vọng,Cầu Giấy,TP Hà Nội,Dương Quảng Hàm,Cầu Giấy,TP Hà Nội,Đại học công nghiệp Hà Nội,Đại học y tế công cộng,Đại học Tài chính ngân hàng','2020-12-28 09:10:48.000000',NULL,1,'2020-12-28 07:23:56','2021-02-26 07:23:56',NULL,'http://192.168.43.89:3000/apartment-1609114657778.jpg',NULL,5,1,3,5,16,1,3,27,12),(17,'Nhà mới ',NULL,12231223,1,34,2,4,0,4,'2020-12-28 07:19:57.585736','An Xá,Đội Cấn,Ba Đình,TP Hà Nội,An Xá,Ba Đình,TP Hà Nội','2020-12-28 07:23:57.000000',NULL,1,'2020-12-28 07:23:58','2021-01-04 07:23:58','số 10','http://192.168.43.89:3000/apartment-1609114697617.jpg',NULL,7,1,3,1,17,1,1,3,77),(18,'Nơi ở lý tưởng',NULL,2112121,2,12,1,1,0,1,'2020-12-28 07:21:41.640932','Dịch Vọng,Dịch Vọng Hậu,Cầu Giấy,TP Hà Nội,Dịch Vọng,Cầu Giấy,TP Hà Nội','2020-12-28 12:36:00.000000',NULL,1,'2020-12-28 07:24:00','2021-01-11 07:24:00','10, ngõ 20','http://192.168.43.89:3000/apartment-1609114853381.jpg',NULL,7,1,1,2,18,1,3,28,5),(19,'Bán Mặt phố cổ Hàng Cá giá 18.8 tỷ, 42mx5 tầng, hiện cho thuê 30tr/th',NULL,355555000,10,50,2,2,0,2,'2020-12-28 07:23:04.417628','Châu Long, Cống Vị,Ba Đình,TP Hà Nội,Châu Long,Ba Đình,TP Hà Nội,Trường cán bộ thanh tra','2020-12-28 12:36:25.000000',NULL,1,'2020-12-28 07:24:08','2021-02-26 07:24:08','35','https://www.avatarins.com/image/homesmall.png',NULL,3,1,1,5,19,1,1,1,83),(20,'Nhà trọ sinh viên giá rẻ',NULL,1231211,5,12,1,1,0,1,'2020-12-28 07:23:24.437886','Bùi Thị Xuân,Đồng Mác,Hai Bà Trưng,TP Hà Nội,Bùi Thị Xuân,Hai Bà Trưng,TP Hà Nội','2020-12-28 09:16:39.000000',NULL,1,'2020-12-28 07:24:10','2021-01-27 07:24:10','số 9','http://192.168.43.89:3000/apartment-1609114970097.jpg',NULL,7,1,4,4,20,1,6,77,419),(21,'Cho thuê nhà Phố Huỳnh Thúc Kháng đống đa Hà Nội 100m2x7T, thang máy',NULL,10000000,7,25,1,1,0,1,'2020-12-28 07:24:47.045503','Đường Biên Giang,Mộ Lao,Hà Đông,TP Hà Nội,Đường Biên Giang,Hà Đông,TP Hà Nội,Quảng trường Ba Đình,Bảo tàng Hồ Chí Minh,Cột cờ Hà Nội','2020-12-28 09:16:05.000000',NULL,1,'2020-12-28 07:25:58','2021-01-18 07:25:58',NULL,'http://192.168.43.89:3000/apartment-1609114854388.jpg',NULL,5,1,4,3,21,1,5,62,320),(22,'Cho thuê nhà ngõ ô tô tại Nguyễn Thị Định, Cầu Giấy. DT: 70m2 * 5 tầng',NULL,25000000,4,50,1,1,0,1,'2020-12-28 08:51:18.667781','Nguyễn Thị Định,Trung Hòa,Cầu Giấy,TP Hà Nội,Nguyễn Thị Định,Cầu Giấy,TP Hà Nội,Lăng Chủ tịch Hồ Chí Minh,Chùa Một Cột,Bảo tàng Hồ Chí Minh,Bảo tàng Quân đội','2021-06-11 11:05:05.000000',NULL,1,'2020-12-28 10:19:11','2021-02-26 10:19:11','số 30','http://192.168.43.89:3000/apartment-1609120201890.jpg',NULL,5,1,3,5,22,1,3,33,41),(23,'Cho thuê liền kề A10 Nam Trung Yên , Cầu Giấy .DT : 103 M * 4.5 tầng',NULL,55000000,3,100,1,1,0,1,'2020-12-28 08:54:54.084406','Nguyễn Chánh,Yên Hòa,Cầu Giấy,TP Hà Nội,Nguyễn Chánh,Cầu Giấy,TP Hà Nội,Hội trường Ba Đình,Bảo tàng Hồ Chí Minh,Bảo tàng Quân đội','2020-12-28 10:19:12.000000',NULL,1,'2020-12-28 10:19:13','2021-01-27 10:19:13','số 20','http://192.168.43.89:3000/apartment-1609120415873.jpg',NULL,5,1,3,4,23,1,3,34,32),(24,'Cho thuê nhà Nguyễn Khả Trạc, Cầu Giấy, 65mx 5T, giá 20 triệu/tháng',NULL,20000000,1,60,0,1,0,1,'2020-12-28 10:07:25.422017','Bạch Mai,Bạch Mai,Hai Bà Trưng,TP Hà Nội,Bạch Mai,Hai Bà Trưng,TP Hà Nội,Bảo tàng Quân đội,Chợ Châu Long,Đại học y tế công cộng','2020-12-28 10:19:14.000000',NULL,1,'2020-12-28 10:19:15','2021-02-26 10:19:15',NULL,'http://192.168.43.89:3000/apartment-1609124769758.jpg',NULL,5,1,3,5,24,1,6,75,417),(25,'Chính chủ cho thuê văn phòng Duy Tân, 90m, 10tr, 091 163 39 93',NULL,10000000,2,90,1,1,0,1,'2020-12-28 10:10:24.297725','Duy Tân,Dịch Vọng,Cầu Giấy,TP Hà Nội,Duy Tân,Cầu Giấy,TP Hà Nội,Đại Học Điện Lực,Đại học Nguyễn Trãi','2020-12-30 02:23:19.000000',NULL,1,'2020-12-28 10:19:17','2021-02-26 10:19:17',NULL,'http://192.168.43.89:3000/apartment-1609124959121.gif',NULL,5,1,4,5,25,1,3,27,13),(26,'Cho thuê nhà ngõ 394 cầu giấy ngõ xe máy, ô tô để cửa',NULL,25000000,3,100,1,1,0,1,'2020-12-28 10:13:57.434884','Cầu Giấy,Dịch Vọng,Cầu Giấy,TP Hà Nội,Cầu Giấy,Cầu Giấy,TP Hà Nội,Đại Học Điện Lực,Học viện cảnh sát nhân dân,Học viện Tài chính','2020-12-30 03:22:19.000000',NULL,1,'2020-12-28 10:19:20','2021-01-27 10:19:20','số 30 ngõ 394','http://192.168.43.89:3000/apartment-1609125121287.jpg',NULL,5,1,3,4,26,1,3,27,2),(27,'Chính chủ cho thuê nhà cầu giấy, 75m x 4 tầng, 8N3WC, nội thất cơ bản',NULL,5000000,1,80,1,1,0,1,'2020-12-28 10:15:52.403231','Chùa Hà,Dịch Vọng,Cầu Giấy,TP Hà Nội,Chùa Hà,Cầu Giấy,TP Hà Nội,Nhà thờ Cửa Bắc,Triển lãm Giảng Võ,Hồ Trúc Bạch,Phủ Chủ tịch','2020-12-28 12:58:50.000000',NULL,1,'2020-12-28 12:58:51','2021-01-11 12:58:51','25','https://www.avatarins.com/image/homesmall.png',NULL,5,1,3,2,27,1,3,27,3),(28,'Cho thuê nhà Nguyễn Văn Lộc 60m2 x 5 tầng mới đẹp giá chỉ 15tr/tháng',NULL,15000000,1,250,1,1,0,1,'2020-12-28 10:18:15.593018','Phố Nguyễn Văn Lộc,Mộ Lao,Hà Đông,TP Hà Nội,Phố Nguyễn Văn Lộc,Hà Đông,TP Hà Nội,Bảo tàng Mỹ thuật,Hội trường Ba Đình,Cột cờ Hà Nội','2020-12-28 10:18:16.000000',NULL,0,NULL,NULL,NULL,'https://www.avatarins.com/image/homesmall.png',NULL,5,NULL,3,4,28,1,5,62,369),(29,'Homestay cao cấp giá sinh viên kv Hà Đông',NULL,1600000,25,25,1,1,0,1,'2020-12-28 11:47:54.966003','Đường Trần Phú,Mộ Lao,Hà Đông,TP Hà Nội,Đường Trần Phú,Hà Đông,TP Hà Nội,Khu đô thị Vinhomes Gardenia','2021-06-11 11:07:48.000000',NULL,1,'2020-12-28 11:56:51','2021-01-27 11:56:51','số 30','http://192.168.43.89:3000/apartment-1609130783600.jpg',NULL,8,1,3,4,29,1,5,62,393),(30,'Cho thuê chung cư mini rộng 30m2 cho nư thuê, chỉ với 2 triệu',NULL,5000000,8,50,1,1,0,1,'2020-12-28 12:27:27.011456','Đinh Núp,Dịch Vọng,Cầu Giấy,TP Hà Nội,Đinh Núp,Cầu Giấy,TP Hà Nội,Cột cờ Hà Nội','2021-08-04 23:11:27.000000',NULL,1,'2020-12-28 12:59:04','2021-02-26 12:59:04','50','http://192.168.43.89:3000/apartment-1609133201961.gif',NULL,8,1,1,5,30,1,3,27,7),(31,'Cho thuê chung cư mini rộng 30m2 cho nư thuê, chỉ với 2 triệu',NULL,25000000,21,30,1,1,0,1,'2020-12-28 12:53:26.853400','Đinh Núp,Dịch Vọng Hậu,Cầu Giấy,TP Hà Nội,Đinh Núp,Cầu Giấy,TP Hà Nội,Cột cờ Hà Nội,Chùa Một Cột','2021-08-04 23:09:34.000000',NULL,1,'2020-12-28 12:57:47','2021-01-27 12:57:47','35 cầu giấy','http://192.168.43.89:3000/apartment-1609134723731.jpg',NULL,8,1,2,4,31,1,3,28,7),(32,'Yêu Vân Nhiều Nhiều',NULL,500000,3,120,2,1,0,2,'2021-08-04 23:11:19.751723','Dịch Vọng,Dịch Vọng,Cầu Giấy,TP Hà Nội,Dịch Vọng,Cầu Giấy,TP Hà Nội,Lăng Chủ tịch Hồ Chí Minh,Chùa Một Cột,Cột cờ Hà Nội','2021-08-04 23:12:02.000000',NULL,1,'2021-08-04 23:11:36','2021-09-03 23:11:36','123','http://localhost:3000/apartment-1628093475070.jpg',NULL,8,1,4,4,32,1,3,27,5);
/*!40000 ALTER TABLE `apartment` ENABLE KEYS */;
UNLOCK TABLES;

--
-- Table structure for table `apartment_detail`
--

DROP TABLE IF EXISTS `apartment_detail`;
/*!40101 SET @saved_cs_client     = @@character_set_client */;
/*!50503 SET character_set_client = utf8mb4 */;
CREATE TABLE `apartment_detail` (
  `id` int(11) NOT NULL AUTO_INCREMENT,
  `description` text,
  `isHasAirConditioner` tinyint(4) DEFAULT '0',
  `isHasBalcony` tinyint(4) DEFAULT '0',
  `isHasElevator` tinyint(4) DEFAULT '0',
  `isHasFever` tinyint(4) DEFAULT '0',
  `acreage` int(11) DEFAULT '0',
  `price` int(11) DEFAULT '0',
  `priceElectricity` int(11) DEFAULT NULL,
  `priceWater` int(11) DEFAULT NULL,
  `isHasParking` tinyint(4) DEFAULT '0',
  `createAt` datetime(6) NOT NULL DEFAULT CURRENT_TIMESTAMP(6),
  `updateAt` datetime(6) NOT NULL DEFAULT CURRENT_TIMESTAMP(6),
  `deleteAt` datetime(6) DEFAULT NULL,
  `apartmentId` int(11) DEFAULT NULL,
  `toiletTypeId` int(11) DEFAULT NULL,
  `kitchenTypeId` int(11) DEFAULT NULL,
  PRIMARY KEY (`id`),
  UNIQUE KEY `REL_481f42db23ea001f92194568ba` (`apartmentId`),
  KEY `FK_87d360d20d86d270494ae385e54` (`toiletTypeId`),
  KEY `FK_79634a17375c30f97988d1a7c49` (`kitchenTypeId`),
  CONSTRAINT `FK_481f42db23ea001f92194568bad` FOREIGN KEY (`apartmentId`) REFERENCES `apartment` (`id`) ON DELETE CASCADE ON UPDATE CASCADE,
  CONSTRAINT `FK_79634a17375c30f97988d1a7c49` FOREIGN KEY (`kitchenTypeId`) REFERENCES `kitchen_type` (`id`) ON DELETE SET NULL ON UPDATE CASCADE,
  CONSTRAINT `FK_87d360d20d86d270494ae385e54` FOREIGN KEY (`toiletTypeId`) REFERENCES `toilet_type` (`id`) ON DELETE SET NULL ON UPDATE CASCADE
) ENGINE=InnoDB AUTO_INCREMENT=33 DEFAULT CHARSET=utf8mb4;
/*!40101 SET character_set_client = @saved_cs_client */;

--
-- Dumping data for table `apartment_detail`
--

LOCK TABLES `apartment_detail` WRITE;
/*!40000 ALTER TABLE `apartment_detail` DISABLE KEYS */;
INSERT INTO `apartment_detail` VALUES (2,'<p>mua đi</p>\n<p></p>\n',0,1,0,0,2500,0,2500,3500,1,'2020-12-28 06:18:57.601177','2020-12-28 06:18:57.601177',NULL,2,1,1),(3,'<p>quá tuyệt</p>\n',1,1,1,0,2500,0,1000,1000,1,'2020-12-28 06:31:55.645443','2020-12-28 06:31:55.645443',NULL,3,2,3),(4,'<p>hú</p>\n<p></p>\n',1,1,1,0,5000,0,44545,12202,1,'2020-12-28 06:34:03.805865','2020-12-28 06:34:03.805865',NULL,4,1,1),(5,'<p>hú hí</p>\n<p></p>\n',1,1,1,0,52000,0,1000,5000,1,'2020-12-28 06:38:06.924266','2020-12-28 06:38:06.924266',NULL,5,1,1),(6,'<p>hú xu cà na cà neo</p>\n<p></p>\n',1,1,1,0,14,0,14000,2100,1,'2020-12-28 06:42:43.456703','2020-12-28 06:58:00.000000',NULL,6,1,1),(7,'<p>ba la xì bu cà neo</p>\n',1,1,1,0,70,0,5000,5000,1,'2020-12-28 06:56:27.967061','2020-12-28 06:56:27.967061',NULL,7,1,1),(8,'<p>hihihiihi</p>\n<p></p>\n',1,1,1,0,30,0,2500,2500,1,'2020-12-28 06:58:06.605227','2020-12-28 06:58:06.605227',NULL,8,1,1),(9,'<p>huhuh</p>\n<p></p>\n',1,1,1,0,30,0,2500,2000,1,'2020-12-28 06:59:11.019615','2020-12-28 06:59:11.019615',NULL,9,1,1),(10,'<p>&nbsp;hay như con tim chân cthang</p>\n<p></p>\n',1,1,1,0,30,0,2500,2500,1,'2020-12-28 07:06:19.221793','2020-12-28 07:06:19.221793',NULL,10,1,1),(11,'<p>bang bang bang</p>\n',1,1,1,0,30,0,2500,2500,1,'2020-12-28 07:07:29.615712','2020-12-28 07:07:29.615712',NULL,11,1,1),(12,'<p>bma bam</p>\n<p></p>\n',0,1,1,0,50,0,2500,2400,1,'2020-12-28 07:09:23.489469','2020-12-28 07:09:23.489469',NULL,12,1,3),(13,'<p><span style=\"color: rgb(38,38,55);background-color: rgb(255,255,255);font-size: 16px;font-family: helvetica neue\", Helvetica, Arial, sans-serif;\">Chính chủ cho thuê phòng trọ vệ sinh khép kín, diện tích 18m2, 5 tầng, 24 phòng.</span><br><span style=\"color: rgb(38,38,55);background-color: rgb(255,255,255);font-size: 16px;font-family: helvetica neue\", Helvetica, Arial, sans-serif;\">Để xe dưới tầng 1, riêng biệt không chung chủ, cổng ra vào sử dụng khóa vân tay giờ giấc thoải mái.</span><br><span style=\"color: rgb(38,38,55);background-color: rgb(255,255,255);font-size: 16px;font-family: helvetica neue\", Helvetica, Arial, sans-serif;\">Phòng có điều hòa, nóng lạnh, quạt, tủ lạnh, máy giặt và chỗ phơi quần áo.</span><br><span style=\"color: rgb(38,38,55);background-color: rgb(255,255,255);font-size: 16px;font-family: helvetica neue\", Helvetica, Arial, sans-serif;\">Có hệ thống camera giám sát, an ninh tốt đảm bảo, Internet cáp quang.</span><br><br><span style=\"color: rgb(38,38,55);background-color: rgb(255,255,255);font-size: 16px;font-family: helvetica neue\", Helvetica, Arial, sans-serif;\">Giá từ 2.500.000 đ / tháng</span><br><span style=\"color: rgb(38,38,55);background-color: rgb(255,255,255);font-size: 16px;font-family: helvetica neue\", Helvetica, Arial, sans-serif;\">Đóng tiền 1 tháng và cọc 1 tháng.</span><br><br><span style=\"color: rgb(38,38,55);background-color: rgb(255,255,255);font-size: 16px;font-family: helvetica neue\", Helvetica, Arial, sans-serif;\">Địa chỉ: Số 28 hẻm 285/25/16 Đội Cấn, Ba Đình, HN.</span><br><span style=\"color: rgb(38,38,55);background-color: rgb(255,255,255);font-size: 16px;font-family: helvetica neue\", Helvetica, Arial, sans-serif;\">Đi vào đường ngõ 343 Đội Cấn, ô tô cách nhà 100m.</span><br><br><span style=\"color: rgb(38,38,55);background-color: rgb(255,255,255);font-size: 16px;font-family: helvetica neue\", Helvetica, Arial, sans-serif;\">Liên hệ chính chủ : 09.8668.1368 - 0816.114565 ( call trực tiếp nhé các bạn )</span>&nbsp;</p>\n',1,1,1,0,25,0,5000,25000,1,'2020-12-28 07:12:53.118825','2020-12-28 07:12:53.118825',NULL,13,1,1),(14,'<p><span style=\"color: rgb(38,38,55);background-color: rgb(255,255,255);font-size: 16px;font-family: helvetica neue\", Helvetica, Arial, sans-serif;\">Cho thuê gấp mặt phố Trần Nhân Tông chỉ 60 triệu, 60m2, MT 18m</span><br><span style=\"color: rgb(38,38,55);background-color: rgb(255,255,255);font-size: 16px;font-family: helvetica neue\", Helvetica, Arial, sans-serif;\">Diện tích sử dụng 60m2</span><br><span style=\"color: rgb(38,38,55);background-color: rgb(255,255,255);font-size: 16px;font-family: helvetica neue\", Helvetica, Arial, sans-serif;\">Mặt tiền rộng 18m.</span><br><span style=\"color: rgb(38,38,55);background-color: rgb(255,255,255);font-size: 16px;font-family: helvetica neue\", Helvetica, Arial, sans-serif;\">Hướng Đông</span><br><span style=\"color: rgb(38,38,55);background-color: rgb(255,255,255);font-size: 16px;font-family: helvetica neue\", Helvetica, Arial, sans-serif;\">Hè rộng thênh thang, lát gạch sạch sẽ.</span><br><span style=\"color: rgb(38,38,55);background-color: rgb(255,255,255);font-size: 16px;font-family: helvetica neue\", Helvetica, Arial, sans-serif;\">Vị trí đắc địa, sầm uất, đông đúc dân cư, nhà mới đẹp, vuông vắn, riêng biệt, sàn thông, mặt tiền rộng thu hút tầm nhìn, vỉa hè rộng rãi chỗ để xe thoải mái, thích hợp làm nhiều mô hình như: Nhà hàng, cafe, văn phòng, ,... Chủ nhà tạo điều kiện thuận lợi cho người kinh doanh.</span><br><span style=\"color: rgb(38,38,55);background-color: rgb(255,255,255);font-size: 16px;font-family: helvetica neue\", Helvetica, Arial, sans-serif;\">Giá thuê 60 triệu/tháng</span><br><span style=\"color: rgb(38,38,55);background-color: rgb(255,255,255);font-size: 16px;font-family: helvetica neue\", Helvetica, Arial, sans-serif;\">LH 0945998884 – 0988796665</span>&nbsp;</p>\n',1,1,1,0,40,0,4500,25000,1,'2020-12-28 07:16:41.812103','2020-12-28 07:16:41.812103',NULL,14,2,2),(15,'<p>béo xeo béo xí</p>\n<p></p>\n',0,1,0,0,30,0,1000,3000,1,'2020-12-28 07:18:23.349013','2020-12-28 07:18:23.349013',NULL,15,1,3),(16,'<p><span style=\"color: rgb(38,38,55);background-color: rgb(255,255,255);font-size: 16px;font-family: helvetica neue\", Helvetica, Arial, sans-serif;\">- Địa chỉ: Số nhà 14, ngách 40, ngõ 165, đường Dương Quảng Hàm, phường Quan Hoa, quận Cầu Giấy, Hà Nội (Gần Đại học Thủ Đô)</span><br><span style=\"color: rgb(38,38,55);background-color: rgb(255,255,255);font-size: 16px;font-family: helvetica neue\", Helvetica, Arial, sans-serif;\">Nhà gần Cầu Giấy chỉ mất 2 phút đi xe, cách lottemart 5 phút đi xe, cách công viên Nghĩa Đô 5 phút đi bộ, cách phố Quan Hoa, đường Cầu Giấy 100m, cách đường Nguyễn Văn Huyên, Nguyễn Khánh Toàn 50m….</span><br><span style=\"color: rgb(38,38,55);background-color: rgb(255,255,255);font-size: 16px;font-family: helvetica neue\", Helvetica, Arial, sans-serif;\">- Tiện ích gồm:</span><br><span style=\"color: rgb(38,38,55);background-color: rgb(255,255,255);font-size: 16px;font-family: helvetica neue\", Helvetica, Arial, sans-serif;\">+ Điều hòa</span><br><span style=\"color: rgb(38,38,55);background-color: rgb(255,255,255);font-size: 16px;font-family: helvetica neue\", Helvetica, Arial, sans-serif;\">+ Giường, đệm cho bạn giấc ngủ ngon.</span><br><span style=\"color: rgb(38,38,55);background-color: rgb(255,255,255);font-size: 16px;font-family: helvetica neue\", Helvetica, Arial, sans-serif;\">+ Tủ áo quần cho bạn gọn gàng ngăn nắp</span><br><span style=\"color: rgb(38,38,55);background-color: rgb(255,255,255);font-size: 16px;font-family: helvetica neue\", Helvetica, Arial, sans-serif;\">+ Nóng lạnh an toàn chống giật...</span><br><span style=\"color: rgb(38,38,55);background-color: rgb(255,255,255);font-size: 16px;font-family: helvetica neue\", Helvetica, Arial, sans-serif;\">+ Khu vệ sinh khép kín có đầy đủ TBVS</span><br><span style=\"color: rgb(38,38,55);background-color: rgb(255,255,255);font-size: 16px;font-family: helvetica neue\", Helvetica, Arial, sans-serif;\">+ Khu bếp riêng biệt không lo ám mùi vào phòng</span><br><span style=\"color: rgb(38,38,55);background-color: rgb(255,255,255);font-size: 16px;font-family: helvetica neue\", Helvetica, Arial, sans-serif;\">+ Có chỗ để đồ riêng gọn gàng cho căn phòng thêm rộng rãi.</span><br><span style=\"color: rgb(38,38,55);background-color: rgb(255,255,255);font-size: 16px;font-family: helvetica neue\", Helvetica, Arial, sans-serif;\">+ Có cửa sổ thoáng mát, ban công để máy giặt phơi đồ thoáng rộng tách biệt với phòng ngủ.</span><br><span style=\"color: rgb(38,38,55);background-color: rgb(255,255,255);font-size: 16px;font-family: helvetica neue\", Helvetica, Arial, sans-serif;\">- Nhà có chỗ để xe ở tầng 1 rộng rãi miễn phí</span><br><span style=\"color: rgb(38,38,55);background-color: rgb(255,255,255);font-size: 16px;font-family: helvetica neue\", Helvetica, Arial, sans-serif;\">- Giờ giấc thoải mái không chung chủ. Có khóa vân tay, khóa cơ, camera an ninh an toàn cho tài sản của bạn.</span><br><span style=\"color: rgb(38,38,55);background-color: rgb(255,255,255);font-size: 16px;font-family: helvetica neue\", Helvetica, Arial, sans-serif;\">- Không gian sống thoáng mát, yên tĩnh, sạch sẽ, có vệ sinh lau dọn hàng tuần</span><br><span style=\"color: rgb(38,38,55);background-color: rgb(255,255,255);font-size: 16px;font-family: helvetica neue\", Helvetica, Arial, sans-serif;\">- Phòng rộng: 36m2</span><br><span style=\"color: rgb(38,38,55);background-color: rgb(255,255,255);font-size: 16px;font-family: helvetica neue\", Helvetica, Arial, sans-serif;\">- Giá: 3.5 tr</span><br><span style=\"color: rgb(38,38,55);background-color: rgb(255,255,255);font-size: 16px;font-family: helvetica neue\", Helvetica, Arial, sans-serif;\">- Liên hệ: Mr Lực 0961.529.365</span>&nbsp;</p>\n',0,1,1,0,25,0,2400,15001,1,'2020-12-28 07:18:25.529875','2020-12-28 07:18:25.529875',NULL,16,2,3),(17,'<p>Nhà mới xây</p>\n',0,1,0,0,34,0,3433,2344,1,'2020-12-28 07:19:57.740567','2020-12-28 07:19:57.740567',NULL,17,3,2),(18,NULL,0,1,0,0,12,0,2132,1221,1,'2020-12-28 07:21:41.759306','2020-12-28 07:21:41.759306',NULL,18,2,1),(19,'<p>haiah</p>\n',1,1,1,0,50,0,3500,3500,1,'2020-12-28 07:23:04.559750','2020-12-28 07:23:04.559750',NULL,19,3,3),(20,NULL,0,1,0,0,12,0,2412,2131,1,'2020-12-28 07:23:24.619946','2020-12-28 07:23:24.619946',NULL,20,2,1),(21,'<p><span style=\"color: rgb(38,38,55);background-color: rgb(255,255,255);font-size: 16px;font-family: helvetica neue\", Helvetica, Arial, sans-serif;\">Cho thuê nhà phố Huỳnh Thúc Kháng, Đống Đa Hà Nội. Khu vực trung tâm, Kinh doanh sầm uất, nhộn nhịp Ngày đêm.</span><br><span style=\"color: rgb(38,38,55);background-color: rgb(255,255,255);font-size: 16px;font-family: helvetica neue\", Helvetica, Arial, sans-serif;\">- Nhà đẹp Lô Góc, 02 mặt tiền để được nhiều xe. Giao thông thuận tiện.</span><br><span style=\"color: rgb(38,38,55);background-color: rgb(255,255,255);font-size: 16px;font-family: helvetica neue\", Helvetica, Arial, sans-serif;\">- Nhà phù hợp: Vp Cty, Shoroom, Spa, Phòng khám, Đào tạo, Trung tâm, …</span><br><span style=\"color: rgb(38,38,55);background-color: rgb(255,255,255);font-size: 16px;font-family: helvetica neue\", Helvetica, Arial, sans-serif;\">DT 95m2/sàn, Xây 7 tầng. Thông sàn, thang máy, Điều hòa Full Nội Thất Cơ Bản.</span><br><span style=\"color: rgb(38,38,55);background-color: rgb(255,255,255);font-size: 16px;font-family: helvetica neue\", Helvetica, Arial, sans-serif;\">Từ tầng 2 đến 7 DT trên 100m2/sàn.</span><br><br><span style=\"color: rgb(38,38,55);background-color: rgb(255,255,255);font-size: 16px;font-family: helvetica neue\", Helvetica, Arial, sans-serif;\">LH Thắng 0967 116 112</span><br><span style=\"color: rgb(38,38,55);background-color: rgb(255,255,255);font-size: 16px;font-family: helvetica neue\", Helvetica, Arial, sans-serif;\">Giá 100tr – Có thương lượng trực tiếp</span>&nbsp;</p>\n',1,1,1,0,25,0,25000,10001,1,'2020-12-28 07:24:47.279795','2020-12-28 07:24:47.279795',NULL,21,2,1),(22,'<p><span style=\"color: rgb(38,38,55);background-color: rgb(255,255,255);font-size: 16px;font-family: helvetica neue\", Helvetica, Arial, sans-serif;\">Cho thuê nhà ngõ ô tô tại Nguyễn Thị Định, P. Trung Hòa, Cầu Giấy, Hà Nội.</span><br><span style=\"color: rgb(38,38,55);background-color: rgb(255,255,255);font-size: 16px;font-family: helvetica neue\", Helvetica, Arial, sans-serif;\">- Diện tích: 70m2 * 5 tầng. Thiết kế: Tầng 1: Thông sàn. Tầng 2,3,4: Mỗi tầng chia 2 phòng. Tầng 5: Phòng to + sân.</span><br><span style=\"color: rgb(38,38,55);background-color: rgb(255,255,255);font-size: 16px;font-family: helvetica neue\", Helvetica, Arial, sans-serif;\">- MT: 5m. Đường đi lại thông thoáng. Ô tô tránh nhau thoải mái.</span><br><span style=\"color: rgb(38,38,55);background-color: rgb(255,255,255);font-size: 16px;font-family: helvetica neue\", Helvetica, Arial, sans-serif;\">- Khu dân cư đông đúc, dân trí cao. Nhiều văn phòng.</span><br><span style=\"color: rgb(38,38,55);background-color: rgb(255,255,255);font-size: 16px;font-family: helvetica neue\", Helvetica, Arial, sans-serif;\">- Phù hợp làm: Văn phòng công ty, trung tâm, du học, spa, phòng khám...</span><br><span style=\"color: rgb(38,38,55);background-color: rgb(255,255,255);font-size: 16px;font-family: helvetica neue\", Helvetica, Arial, sans-serif;\">- Giá: 25 tr/th.</span><br><span style=\"color: rgb(38,38,55);background-color: rgb(255,255,255);font-size: 16px;font-family: helvetica neue\", Helvetica, Arial, sans-serif;\">- LH: 0963.566.818</span>&nbsp;</p>\n',0,1,1,0,50,0,2500,25000,1,'2020-12-28 08:51:19.283815','2020-12-28 08:51:19.283815',NULL,22,1,1),(23,'<p><span style=\"color: rgb(38,38,55);background-color: rgb(255,255,255);font-size: 16px;font-family: helvetica neue\", Helvetica, Arial, sans-serif;\">Cho thuê liền kề A10 Nam Trung Yên , P. Yên Hòa , Cầu Giấy , Hà Nội.</span><br><span style=\"color: rgb(38,38,55);background-color: rgb(255,255,255);font-size: 16px;font-family: helvetica neue\", Helvetica, Arial, sans-serif;\">- Diện tích : 103 M * 4 tầng + 1 hầm . Thiết kế : Thông sàn tại tất cả các tầng . điều hòa âm trần . Thang máy đầy đủ</span><br><span style=\"color: rgb(38,38,55);background-color: rgb(255,255,255);font-size: 16px;font-family: helvetica neue\", Helvetica, Arial, sans-serif;\">- Lô góc 2 mặt tiền . Đường đi lại thông thoáng . Ô tô tránh nhau thoải mái .</span><br><span style=\"color: rgb(38,38,55);background-color: rgb(255,255,255);font-size: 16px;font-family: helvetica neue\", Helvetica, Arial, sans-serif;\">- Khu dân cư đông đúc , dân trí cao . Nhiều văn phòng .</span><br><span style=\"color: rgb(38,38,55);background-color: rgb(255,255,255);font-size: 16px;font-family: helvetica neue\", Helvetica, Arial, sans-serif;\">- Phù hợp làm : Văn phòng công ty , trung tâm , du học, đào tạo , Thẩm mỹ viện</span><br><span style=\"color: rgb(38,38,55);background-color: rgb(255,255,255);font-size: 16px;font-family: helvetica neue\", Helvetica, Arial, sans-serif;\">- Gía : 55 tr/th</span><br><span style=\"color: rgb(38,38,55);background-color: rgb(255,255,255);font-size: 16px;font-family: helvetica neue\", Helvetica, Arial, sans-serif;\">- LH: 0963.566.818</span>&nbsp;</p>\n',1,1,1,0,100,0,2000,25000,1,'2020-12-28 08:54:54.553172','2020-12-28 08:54:54.553172',NULL,23,1,1),(24,'<p><span style=\"color: rgb(38,38,55);background-color: rgb(255,255,255);font-size: 16px;font-family: helvetica neue\", Helvetica, Arial, sans-serif;\">Cho thuê nhà Nguyễn Khả Trạc, Cầu Giấy, 65mx 5T, giá 20 triệu/tháng</span><br><span style=\"color: rgb(38,38,55);background-color: rgb(255,255,255);font-size: 16px;font-family: helvetica neue\", Helvetica, Arial, sans-serif;\">Cho thuê nhà Nguyễn Khả Trạc, Cầu Giấy. Nhà lô góc rất thoáng, tầng 1 diện tích 55m2, các tầng trên diện tích 65m2. Nhà 2 mặt tiền 5m và 10m. Mỗi tầng chia 2 phòng. Vị trí đẹp để làm văn phòng, trung tâm dạy học, du học, xuất khẩu lao động, ...</span><br><span style=\"color: rgb(38,38,55);background-color: rgb(255,255,255);font-size: 16px;font-family: helvetica neue\", Helvetica, Arial, sans-serif;\">Giá thuê nhà: 20 triệu/tháng.</span><br><span style=\"color: rgb(38,38,55);background-color: rgb(255,255,255);font-size: 16px;font-family: helvetica neue\", Helvetica, Arial, sans-serif;\">Điện thoại: 0912567339- 0986354339- Anh Hội</span>&nbsp;</p>\n',1,1,1,0,60,0,2500,25000,1,'2020-12-28 10:07:25.591471','2020-12-28 10:07:25.591471',NULL,24,1,1),(25,'<p><span style=\"color: rgb(38,38,55);background-color: rgb(255,255,255);font-size: 16px;font-family: helvetica neue\", Helvetica, Arial, sans-serif;\">Chính chủ cho thuê văn phòng Duy Tân, Cầu Giấy, Hà Nội Nhà có diện tích 90m.</span><br><span style=\"color: rgb(38,38,55);background-color: rgb(255,255,255);font-size: 16px;font-family: helvetica neue\", Helvetica, Arial, sans-serif;\">Có thể ngăn thành 3 phòng.</span><br><span style=\"color: rgb(38,38,55);background-color: rgb(255,255,255);font-size: 16px;font-family: helvetica neue\", Helvetica, Arial, sans-serif;\">Mặt tiền 8m</span><br><span style=\"color: rgb(38,38,55);background-color: rgb(255,255,255);font-size: 16px;font-family: helvetica neue\", Helvetica, Arial, sans-serif;\">Văn phòng thông sàn, đầy đủ, sàn trần, điều hòa.</span><br><span style=\"color: rgb(38,38,55);background-color: rgb(255,255,255);font-size: 16px;font-family: helvetica neue\", Helvetica, Arial, sans-serif;\">Khu vực đông dân cư, văn phòng công ty, an ninh tốt, tiện đi lại, dân trí cao, gần trường học, công viên, siêu thị,...</span><br><span style=\"color: rgb(38,38,55);background-color: rgb(255,255,255);font-size: 16px;font-family: helvetica neue\", Helvetica, Arial, sans-serif;\">Liên hệ trực tiếp nhà 091 163 39 93 miễn trung gian.</span><br><span style=\"color: rgb(38,38,55);background-color: rgb(255,255,255);font-size: 16px;font-family: helvetica neue\", Helvetica, Arial, sans-serif;\">Giá cho thuê: 10tr</span><br><span style=\"color: rgb(38,38,55);background-color: rgb(255,255,255);font-size: 16px;font-family: helvetica neue\", Helvetica, Arial, sans-serif;\">Thanh toán đóng 3 tháng, cọc 1 tháng</span><br><span style=\"color: rgb(38,38,55);background-color: rgb(255,255,255);font-size: 16px;font-family: helvetica neue\", Helvetica, Arial, sans-serif;\">Tag: thuê văn phòng cầu giấy, thuê nhà cầu giấy, thuê văn phòng duy tân, thuê văn phòng hà nội, thuê nhà chính chủ, thuê văn phòng vị trí đẹp, thuê nhà dịch vọng hậu, thuê văn phòng giá ưu đãi,...</span>&nbsp;</p>\n',0,0,1,0,90,0,2500,50000,1,'2020-12-28 10:10:24.430235','2020-12-28 10:10:24.430235',NULL,25,2,2),(26,'<p><span style=\"color: rgb(38,38,55);background-color: rgb(255,255,255);font-size: 16px;font-family: helvetica neue\", Helvetica, Arial, sans-serif;\">Cho thuê nhà ngõ 394 cầu giấy ngõ xe máy</span><br><span style=\"color: rgb(38,38,55);background-color: rgb(255,255,255);font-size: 16px;font-family: helvetica neue\", Helvetica, Arial, sans-serif;\">Nhà ngõ 394 cầu giấy</span><br><span style=\"color: rgb(38,38,55);background-color: rgb(255,255,255);font-size: 16px;font-family: helvetica neue\", Helvetica, Arial, sans-serif;\">Dt 60m x 2 tầng gồm 3pn</span><br><span style=\"color: rgb(38,38,55);background-color: rgb(255,255,255);font-size: 16px;font-family: helvetica neue\", Helvetica, Arial, sans-serif;\">Tầng 1 là phòng khách+ bếp+ gác lửng</span><br><span style=\"color: rgb(38,38,55);background-color: rgb(255,255,255);font-size: 16px;font-family: helvetica neue\", Helvetica, Arial, sans-serif;\">Tầng 2 2pn</span><br><span style=\"color: rgb(38,38,55);background-color: rgb(255,255,255);font-size: 16px;font-family: helvetica neue\", Helvetica, Arial, sans-serif;\">Nhà đủ đồ, Nhà khu phân lô dân trí cao, an ninh đảm bảo, gần nhiều trường Đại Học, bệnh viện, chợ, Trung tâm thương mại, công viên.</span><br><span style=\"color: rgb(38,38,55);background-color: rgb(255,255,255);font-size: 16px;font-family: helvetica neue\", Helvetica, Arial, sans-serif;\">Phù hợp kd online,vp, ở gd</span><br><span style=\"color: rgb(38,38,55);background-color: rgb(255,255,255);font-size: 16px;font-family: helvetica neue\", Helvetica, Arial, sans-serif;\">Giá 8tr/tháng</span><br><span style=\"color: rgb(38,38,55);background-color: rgb(255,255,255);font-size: 16px;font-family: helvetica neue\", Helvetica, Arial, sans-serif;\">Lh 0977580214</span>&nbsp;</p>\n',1,0,1,0,100,0,2500,25000,1,'2020-12-28 10:13:57.583416','2020-12-28 10:13:57.583416',NULL,26,1,1),(27,'<p><span style=\"color: rgb(38,38,55);background-color: rgb(255,255,255);font-size: 16px;font-family: helvetica neue\", Helvetica, Arial, sans-serif;\">Chính chủ cho thuê nhà cầu giấy, 75m x 4 tầng, 8N3WC, nội thất cơ bản, lh ngay 0988095174</span><br><span style=\"color: rgb(38,38,55);background-color: rgb(255,255,255);font-size: 16px;font-family: helvetica neue\", Helvetica, Arial, sans-serif;\">Cho thuê nhà nguyên căn tại nghĩa đô, cầu giấy</span><br><span style=\"color: rgb(38,38,55);background-color: rgb(255,255,255);font-size: 16px;font-family: helvetica neue\", Helvetica, Arial, sans-serif;\">Nhà 4 tầng, diện tích 75m x 4 tầng, gồm 8 phòng ngủ, 3 vệ sinh</span><br><span style=\"color: rgb(38,38,55);background-color: rgb(255,255,255);font-size: 16px;font-family: helvetica neue\", Helvetica, Arial, sans-serif;\">Nội thất cơ bản: điều hòa, nóng lạnh. Ngõ rộng ô tô đỗ cửa</span><br><span style=\"color: rgb(38,38,55);background-color: rgb(255,255,255);font-size: 16px;font-family: helvetica neue\", Helvetica, Arial, sans-serif;\">Ưu tiên cho thuê kinh doanh, hộ gia đình</span><br><span style=\"color: rgb(38,38,55);background-color: rgb(255,255,255);font-size: 16px;font-family: helvetica neue\", Helvetica, Arial, sans-serif;\">Khu vực đông dân cư, giao thông thuận tiện, khu dân trí cao,...</span><br><span style=\"color: rgb(38,38,55);background-color: rgb(255,255,255);font-size: 16px;font-family: helvetica neue\", Helvetica, Arial, sans-serif;\">Liên hệ trực tiếp nhà 0988095174 miễn trung gian.</span><br><span style=\"color: rgb(38,38,55);background-color: rgb(255,255,255);font-size: 16px;font-family: helvetica neue\", Helvetica, Arial, sans-serif;\">Giá cho thuê: 18tr /tháng khách thiện chí có thương lượng</span><br><span style=\"color: rgb(38,38,55);background-color: rgb(255,255,255);font-size: 16px;font-family: helvetica neue\", Helvetica, Arial, sans-serif;\">Thanh toán đóng 3 tháng, cọc 1 tháng</span><br><span style=\"color: rgb(38,38,55);background-color: rgb(255,255,255);font-size: 16px;font-family: helvetica neue\", Helvetica, Arial, sans-serif;\">Tag: thuê nhà nghĩa đô, thuê nhà cầu giấy, thuê nhà hộ gia đình, thuê nhà nguyên căn, thuê nhà chính chủ, thuê nhà kinh doanh, thuê nhà văn phòng, thuê nhà cửa hàng</span>&nbsp;</p>\n',1,1,1,0,80,0,2500,60000,1,'2020-12-28 10:15:52.547797','2020-12-28 10:15:52.547797',NULL,27,1,1),(28,'<p><span style=\"color: rgb(38,38,55);background-color: rgb(255,255,255);font-size: 16px;font-family: helvetica neue\", Helvetica, Arial, sans-serif;\">Cho thuê nhà Nguyễn Văn Lộc 60m2 x 5 tầng mới đẹp giá chỉ 15tr/tháng</span><br><br><span style=\"color: rgb(38,38,55);background-color: rgb(255,255,255);font-size: 16px;font-family: helvetica neue\", Helvetica, Arial, sans-serif;\">Nhà thiết kế hiện đại</span><br><span style=\"color: rgb(38,38,55);background-color: rgb(255,255,255);font-size: 16px;font-family: helvetica neue\", Helvetica, Arial, sans-serif;\">Tầng 1,2,: Thông sàn</span><br><span style=\"color: rgb(38,38,55);background-color: rgb(255,255,255);font-size: 16px;font-family: helvetica neue\", Helvetica, Arial, sans-serif;\">Tầng 3,4: Chia thành 2 phòng</span><br><span style=\"color: rgb(38,38,55);background-color: rgb(255,255,255);font-size: 16px;font-family: helvetica neue\", Helvetica, Arial, sans-serif;\">Tầng 5: 1 Phòng kho, sân phơi</span><br><span style=\"color: rgb(38,38,55);background-color: rgb(255,255,255);font-size: 16px;font-family: helvetica neue\", Helvetica, Arial, sans-serif;\">Phù hợp làm văn phòng, Spa, XKLD, trung tâm đào tạo, Kinh doanh online</span><br><span style=\"color: rgb(38,38,55);background-color: rgb(255,255,255);font-size: 16px;font-family: helvetica neue\", Helvetica, Arial, sans-serif;\">Giá thuê 15 triệu có thương lượng</span><br><br><span style=\"color: rgb(38,38,55);background-color: rgb(255,255,255);font-size: 16px;font-family: helvetica neue\", Helvetica, Arial, sans-serif;\">Cam kết không cài cắm giá hay thu bất kỳ khoảng phí nào của khách hàng</span><br><span style=\"color: rgb(38,38,55);background-color: rgb(255,255,255);font-size: 16px;font-family: helvetica neue\", Helvetica, Arial, sans-serif;\">Liên hệ: Mr Khiêm 0335763793</span>&nbsp;</p>\n',1,1,1,0,250,0,2500,25000,1,'2020-12-28 10:18:15.728640','2020-12-28 10:18:15.728640',NULL,28,1,1),(29,'<p><span style=\"color: rgb(38,38,55);background-color: rgb(255,255,255);font-size: 16px;font-family: helvetica neue\", Helvetica, Arial, sans-serif;\">?ĐẦY ĐỦ TIỆN NGHI - NGẠI CHI CHƯA ĐẾN?</span><br><span style=\"color: rgb(38,38,55);background-color: rgb(255,255,255);font-size: 16px;font-family: helvetica neue\", Helvetica, Arial, sans-serif;\">✅Phòng ở ghép giá chỉ từ 1.6 tr /Người/tháng (Full điện nước,Wifi, chăn Drap, gối, nệm, tiền rác,ga nấu nướng, dọn dẹp WC..)</span><br><span style=\"color: rgb(38,38,55);background-color: rgb(255,255,255);font-size: 16px;font-family: helvetica neue\", Helvetica, Arial, sans-serif;\">?HÃY ĐẾN VỚI:</span><br><span style=\"color: rgb(38,38,55);background-color: rgb(255,255,255);font-size: 16px;font-family: helvetica neue\", Helvetica, Arial, sans-serif;\">Phòng trọ mô hình Co-living ShareHomestay tại các hệ thống:</span><br><span style=\"color: rgb(38,38,55);background-color: rgb(255,255,255);font-size: 16px;font-family: helvetica neue\", Helvetica, Arial, sans-serif;\">✪ HT1: Tòa Golden Land - 275 Nguyễn Trãi, Thanh Xuân;</span><br><span style=\"color: rgb(38,38,55);background-color: rgb(255,255,255);font-size: 16px;font-family: helvetica neue\", Helvetica, Arial, sans-serif;\">✪ HT2 &amp; HT3: Tòa Hồ Gươm Plaza- 102 Trần Phú, Hà Đông;</span><br><span style=\"color: rgb(38,38,55);background-color: rgb(255,255,255);font-size: 16px;font-family: helvetica neue\", Helvetica, Arial, sans-serif;\">✪ HT4 : Tòa Imperial Plaza- 360 Giải Phóng, Thanh Xuân;</span><br><span style=\"color: rgb(38,38,55);background-color: rgb(255,255,255);font-size: 16px;font-family: helvetica neue\", Helvetica, Arial, sans-serif;\">✪ HT5: Tòa Gold Season- 43 Nguyễn Tuân, Thanh Xuân ( Riêng nữ);</span><br><span style=\"color: rgb(38,38,55);background-color: rgb(255,255,255);font-size: 16px;font-family: helvetica neue\", Helvetica, Arial, sans-serif;\">✪ HT6: Chưng cư 27 Huỳnh Thúc Kháng, Đống Đa.</span><br><span style=\"color: rgb(38,38,55);background-color: rgb(255,255,255);font-size: 16px;font-family: helvetica neue\", Helvetica, Arial, sans-serif;\">✪ HT7: Chưng cư A3 Làng quốc tế thăng long, trần đăng ninh, cầu giấy</span><br><span style=\"color: rgb(38,38,55);background-color: rgb(255,255,255);font-size: 16px;font-family: helvetica neue\", Helvetica, Arial, sans-serif;\">️✅Máy lạnh, tủ lạnh, chăn, drap, nệm, gối, máy nóng lạnh, máy giặt mới 100%. Giờ giấc TỰ DO. Có người dọn dẹp 3 lần/ tuần.</span><br><span style=\"color: rgb(38,38,55);background-color: rgb(255,255,255);font-size: 16px;font-family: helvetica neue\", Helvetica, Arial, sans-serif;\">️✅Toilet riêng từng phòng, Ra Vào Cửa Từ Dấu Vân Tay, camera 24/24, Phòng Nam Nữ riêng biệt. Chung phòng khách nhà bếp.</span><br><span style=\"color: rgb(38,38,55);background-color: rgb(255,255,255);font-size: 16px;font-family: helvetica neue\", Helvetica, Arial, sans-serif;\">* Hotline tư vấn và đặt chỗ: 085.913.2286/ 035.609.4321</span><br><span style=\"color: rgb(38,38,55);background-color: rgb(255,255,255);font-size: 16px;font-family: helvetica neue\", Helvetica, Arial, sans-serif;\">?https://www.facebook.com/shareHomestay</span><br><span style=\"color: rgb(38,38,55);background-color: rgb(255,255,255);font-size: 16px;font-family: helvetica neue\", Helvetica, Arial, sans-serif;\">?https://www.facebook.com/shareHomestay.hanoi</span><br><span style=\"color: rgb(38,38,55);background-color: rgb(255,255,255);font-size: 16px;font-family: helvetica neue\", Helvetica, Arial, sans-serif;\">?http://sharehomestay.info/</span>&nbsp;</p>\n',1,1,1,0,25,0,4000,25000,1,'2020-12-28 11:47:55.205747','2020-12-28 11:47:55.205747',NULL,29,1,1),(30,'<p>&nbsp;Hello</p>\n',0,1,1,0,50,0,2500,25000,1,'2020-12-28 12:27:27.638462','2020-12-28 12:27:27.638462',NULL,30,1,2),(31,'<p>nhà đẹp giá rẻ&nbsp;</p>\n',1,1,1,0,30,0,2500,1000,1,'2020-12-28 12:53:26.989819','2020-12-28 12:53:26.989819',NULL,31,1,3),(32,'<p style=\"text-align:start;\"></p>\n<p style=\"text-align:left;\"><span style=\"color: rgb(33,37,41);background-color: rgb(255,255,255);font-size: 18px;font-family: Arial;\">Mô tả thế này đủ thấy yêu thương chưa nhỉ !</span></p>\n<p style=\"text-align:left;\"><span style=\"color: rgb(33,37,41);background-color: rgb(255,255,255);font-size: 18px;font-family: Arial;\"><strong><em>Bán nóc nhà!</em></strong></span><strong><em> </em></strong></p>\n',1,1,1,0,120,0,1200,5000,1,'2021-08-04 23:11:19.890050','2021-08-04 23:11:19.890050',NULL,32,2,4);
/*!40000 ALTER TABLE `apartment_detail` ENABLE KEYS */;
UNLOCK TABLES;

--
-- Table structure for table `apartment_image`
--

DROP TABLE IF EXISTS `apartment_image`;
/*!40101 SET @saved_cs_client     = @@character_set_client */;
/*!50503 SET character_set_client = utf8mb4 */;
CREATE TABLE `apartment_image` (
  `id` int(11) NOT NULL AUTO_INCREMENT,
  `url` varchar(255) NOT NULL,
  `folder` varchar(255) NOT NULL,
  `apartmentDetailId` int(11) DEFAULT NULL,
  PRIMARY KEY (`id`),
  KEY `FK_98cd68cc2d4d94f30fa904059a6` (`apartmentDetailId`),
  CONSTRAINT `FK_98cd68cc2d4d94f30fa904059a6` FOREIGN KEY (`apartmentDetailId`) REFERENCES `apartment_detail` (`id`) ON DELETE SET NULL ON UPDATE CASCADE
) ENGINE=InnoDB AUTO_INCREMENT=59 DEFAULT CHARSET=utf8mb4;
/*!40101 SET character_set_client = @saved_cs_client */;

--
-- Dumping data for table `apartment_image`
--

LOCK TABLES `apartment_image` WRITE;
/*!40000 ALTER TABLE `apartment_image` DISABLE KEYS */;
INSERT INTO `apartment_image` VALUES (3,'http://192.168.43.89:3000/apartment-1609110998684.jpg','./public\\apartment\\apartment-1609110998684.jpg',2),(4,'http://192.168.43.89:3000/apartment-1609111018893.jpg','./public\\apartment\\apartment-1609111018893.jpg',2),(5,'http://192.168.43.89:3000/apartment-1609111030665.jpg','./public\\apartment\\apartment-1609111030665.jpg',2),(6,'http://192.168.43.89:3000/apartment-1609111949458.jpg','./public\\apartment\\apartment-1609111949458.jpg',NULL),(7,'http://192.168.43.89:3000/apartment-1609112007874.jpg','./public\\apartment\\apartment-1609112007874.jpg',4),(8,'http://192.168.43.89:3000/apartment-1609112140464.jpg','./public\\apartment\\apartment-1609112140464.jpg',5),(9,'http://192.168.43.89:3000/apartment-1609112514909.jpg','./public\\apartment\\apartment-1609112514909.jpg',6),(10,'http://192.168.43.89:3000/apartment-1609113455009.JPG','./public\\apartment\\apartment-1609113455009.JPG',8),(11,'http://192.168.43.89:3000/apartment-1609113946498.jpg','./public\\apartment\\apartment-1609113946498.jpg',10),(12,'http://192.168.43.89:3000/apartment-1609114180075.jpg','./public\\apartment\\apartment-1609114180075.jpg',12),(13,'http://192.168.43.89:3000/apartment-1609114592915.jpg','./public\\apartment\\apartment-1609114592915.jpg',14),(14,'http://192.168.43.89:3000/apartment-1609114595327.jpg','./public\\apartment\\apartment-1609114595327.jpg',14),(15,'http://192.168.43.89:3000/apartment-1609114598794.jpg','./public\\apartment\\apartment-1609114598794.jpg',14),(16,'http://192.168.43.89:3000/apartment-1609114657778.jpg','./public\\apartment\\apartment-1609114657778.jpg',16),(17,'http://192.168.43.89:3000/apartment-1609114660137.jpg','./public\\apartment\\apartment-1609114660137.jpg',16),(18,'http://192.168.43.89:3000/apartment-1609114663461.jpg','./public\\apartment\\apartment-1609114663461.jpg',16),(19,'http://192.168.43.89:3000/apartment-1609114697617.jpg','./public\\apartment\\apartment-1609114697617.jpg',17),(20,'http://192.168.43.89:3000/apartment-1609114706375.jpg','./public\\apartment\\apartment-1609114706375.jpg',17),(21,'http://192.168.43.89:3000/apartment-1609114734826.png','./public\\apartment\\apartment-1609114734826.png',15),(22,'http://192.168.43.89:3000/apartment-1609114794758.JPG','./public\\apartment\\apartment-1609114794758.JPG',3),(23,'http://192.168.43.89:3000/apartment-1609114831304.jpg','./public\\apartment\\apartment-1609114831304.jpg',NULL),(24,'http://192.168.43.89:3000/apartment-1609114853381.jpg','./public\\apartment\\apartment-1609114853381.jpg',18),(25,'http://192.168.43.89:3000/apartment-1609114854388.jpg','./public\\apartment\\apartment-1609114854388.jpg',21),(26,'http://192.168.43.89:3000/apartment-1609114861615.jpg','./public\\apartment\\apartment-1609114861615.jpg',21),(27,'http://192.168.43.89:3000/apartment-1609114864717.jpg','./public\\apartment\\apartment-1609114864717.jpg',21),(28,'http://192.168.43.89:3000/apartment-1609114903638.jpg','./public\\apartment\\apartment-1609114903638.jpg',11),(29,'http://192.168.43.89:3000/apartment-1609114970097.jpg','./public\\apartment\\apartment-1609114970097.jpg',20),(30,'http://192.168.43.89:3000/apartment-1609114974605.jpg','./public\\apartment\\apartment-1609114974605.jpg',20),(31,'http://192.168.43.89:3000/apartment-1609114992955.jpg','./public\\apartment\\apartment-1609114992955.jpg',19),(32,'http://192.168.43.89:3000/apartment-1609120201890.jpg','./public\\apartment\\apartment-1609120201890.jpg',22),(33,'http://192.168.43.89:3000/apartment-1609120206335.jpg','./public\\apartment\\apartment-1609120206335.jpg',22),(34,'http://192.168.43.89:3000/apartment-1609120211276.jpg','./public\\apartment\\apartment-1609120211276.jpg',22),(35,'http://192.168.43.89:3000/apartment-1609120415873.jpg','./public\\apartment\\apartment-1609120415873.jpg',23),(36,'http://192.168.43.89:3000/apartment-1609120419775.jpg','./public\\apartment\\apartment-1609120419775.jpg',23),(37,'http://192.168.43.89:3000/apartment-1609120427653.jpg','./public\\apartment\\apartment-1609120427653.jpg',23),(38,'http://192.168.43.89:3000/apartment-1609121067568.jpg','./public\\apartment\\apartment-1609121067568.jpg',NULL),(39,'http://192.168.43.89:3000/apartment-1609124769758.jpg','./public\\apartment\\apartment-1609124769758.jpg',24),(40,'http://192.168.43.89:3000/apartment-1609124775116.jpg','./public\\apartment\\apartment-1609124775116.jpg',24),(41,'http://192.168.43.89:3000/apartment-1609124784953.png','./public\\apartment\\apartment-1609124784953.png',24),(42,'http://192.168.43.89:3000/apartment-1609124959121.gif','./public\\apartment\\apartment-1609124959121.gif',25),(43,'http://192.168.43.89:3000/apartment-1609124964885.jpg','./public\\apartment\\apartment-1609124964885.jpg',25),(44,'http://192.168.43.89:3000/apartment-1609124970056.jpg','./public\\apartment\\apartment-1609124970056.jpg',25),(45,'http://192.168.43.89:3000/apartment-1609125121287.jpg','./public\\apartment\\apartment-1609125121287.jpg',26),(46,'http://192.168.43.89:3000/apartment-1609125127007.jpg','./public\\apartment\\apartment-1609125127007.jpg',26),(47,'http://192.168.43.89:3000/apartment-1609125132035.png','./public\\apartment\\apartment-1609125132035.png',26),(48,'http://192.168.43.89:3000/apartment-1609130783600.jpg','./public\\apartment\\apartment-1609130783600.jpg',29),(49,'http://192.168.43.89:3000/apartment-1609130789115.jpg','./public\\apartment\\apartment-1609130789115.jpg',29),(50,'http://192.168.43.89:3000/apartment-1609130797736.jpg','./public\\apartment\\apartment-1609130797736.jpg',29),(51,'http://192.168.43.89:3000/apartment-1609133197800.jpg','./public\\apartment\\apartment-1609133197800.jpg',NULL),(52,'http://192.168.43.89:3000/apartment-1609133201961.gif','./public\\apartment\\apartment-1609133201961.gif',30),(53,'http://192.168.43.89:3000/apartment-1609133205862.jpg','./public\\apartment\\apartment-1609133205862.jpg',30),(54,'http://192.168.43.89:3000/apartment-1609134723731.jpg','./public\\apartment\\apartment-1609134723731.jpg',31),(55,'http://192.168.43.89:3000/apartment-1609134730579.jpg','./public\\apartment\\apartment-1609134730579.jpg',31),(56,'http://192.168.43.89:3000/apartment-1609134736133.jpg','./public\\apartment\\apartment-1609134736133.jpg',31),(57,'http://localhost:3000/apartment-1628093252183.jpg','./public\\apartment\\apartment-1628093252183.jpg',NULL),(58,'http://localhost:3000/apartment-1628093475070.jpg','./public\\apartment\\apartment-1628093475070.jpg',32);
/*!40000 ALTER TABLE `apartment_image` ENABLE KEYS */;
UNLOCK TABLES;

--
-- Table structure for table `apartment_near`
--

DROP TABLE IF EXISTS `apartment_near`;
/*!40101 SET @saved_cs_client     = @@character_set_client */;
/*!50503 SET character_set_client = utf8mb4 */;
CREATE TABLE `apartment_near` (
  `id` int(11) NOT NULL AUTO_INCREMENT,
  `apartmentId` int(11) DEFAULT NULL,
  `locationId` int(11) DEFAULT NULL,
  PRIMARY KEY (`id`),
  KEY `FK_8c9e1d37b79072a9bfcac8058b8` (`apartmentId`),
  KEY `FK_c0fe87d151ade99956e18e8457d` (`locationId`),
  CONSTRAINT `FK_8c9e1d37b79072a9bfcac8058b8` FOREIGN KEY (`apartmentId`) REFERENCES `apartment` (`id`) ON DELETE CASCADE ON UPDATE CASCADE,
  CONSTRAINT `FK_c0fe87d151ade99956e18e8457d` FOREIGN KEY (`locationId`) REFERENCES `location` (`id`) ON DELETE NO ACTION ON UPDATE NO ACTION
) ENGINE=InnoDB AUTO_INCREMENT=77 DEFAULT CHARSET=utf8mb4;
/*!40101 SET character_set_client = @saved_cs_client */;

--
-- Dumping data for table `apartment_near`
--

LOCK TABLES `apartment_near` WRITE;
/*!40000 ALTER TABLE `apartment_near` DISABLE KEYS */;
INSERT INTO `apartment_near` VALUES (2,2,3),(6,4,6),(7,5,1),(8,5,3),(12,7,6),(13,7,5),(14,7,3),(15,7,7),(16,7,8),(17,7,4),(18,6,9),(19,6,10),(20,6,11),(21,8,5),(22,10,2),(25,12,24),(26,13,3),(27,14,6),(28,14,3),(29,14,7),(34,15,30),(35,16,31),(36,16,32),(37,16,33),(38,3,5),(39,3,4),(40,3,3),(42,11,41),(44,19,43),(45,21,2),(46,21,5),(47,21,6),(48,22,1),(49,22,4),(50,22,5),(51,22,7),(52,23,3),(53,23,5),(54,23,7),(55,24,7),(56,24,16),(57,24,32),(58,25,28),(59,25,34),(60,26,28),(61,26,26),(62,26,25),(63,27,23),(64,27,18),(65,27,12),(66,27,11),(67,28,8),(68,28,3),(69,28,6),(70,29,283),(71,30,6),(72,31,6),(73,31,4),(74,32,1),(75,32,4),(76,32,6);
/*!40000 ALTER TABLE `apartment_near` ENABLE KEYS */;
UNLOCK TABLES;

--
-- Table structure for table `apartment_report`
--

DROP TABLE IF EXISTS `apartment_report`;
/*!40101 SET @saved_cs_client     = @@character_set_client */;
/*!50503 SET character_set_client = utf8mb4 */;
CREATE TABLE `apartment_report` (
  `id` int(11) NOT NULL AUTO_INCREMENT,
  `content` varchar(255) CHARACTER SET utf8 NOT NULL DEFAULT 'Bài đăng không đúng sự thật',
  `create_at` datetime(6) NOT NULL DEFAULT CURRENT_TIMESTAMP(6),
  `isApprove` tinyint(4) DEFAULT '0',
  `userId` int(11) DEFAULT NULL,
  `apartmentId` int(11) DEFAULT NULL,
  PRIMARY KEY (`id`),
  KEY `FK_61f37d9df1ccf644ac372f9db72` (`userId`),
  KEY `FK_c650f26a0754119030514a9c61f` (`apartmentId`),
  CONSTRAINT `FK_61f37d9df1ccf644ac372f9db72` FOREIGN KEY (`userId`) REFERENCES `user` (`id`) ON DELETE CASCADE ON UPDATE CASCADE,
  CONSTRAINT `FK_c650f26a0754119030514a9c61f` FOREIGN KEY (`apartmentId`) REFERENCES `apartment` (`id`) ON DELETE CASCADE ON UPDATE CASCADE
) ENGINE=InnoDB AUTO_INCREMENT=4 DEFAULT CHARSET=utf8mb4;
/*!40101 SET character_set_client = @saved_cs_client */;

--
-- Dumping data for table `apartment_report`
--

LOCK TABLES `apartment_report` WRITE;
/*!40000 ALTER TABLE `apartment_report` DISABLE KEYS */;
INSERT INTO `apartment_report` VALUES (1,'Bài đăng không đúng sự thật','2020-12-28 13:00:58.837301',1,8,29),(2,'Bài đăng không đúng sự thật','2020-12-30 02:26:38.875392',0,10,29),(3,'Bài đăng không đúng sự thật','2021-04-24 15:04:52.061514',0,8,30);
/*!40000 ALTER TABLE `apartment_report` ENABLE KEYS */;
UNLOCK TABLES;

--
-- Table structure for table `apartment_review`
--

DROP TABLE IF EXISTS `apartment_review`;
/*!40101 SET @saved_cs_client     = @@character_set_client */;
/*!50503 SET character_set_client = utf8mb4 */;
CREATE TABLE `apartment_review` (
  `id` int(11) NOT NULL AUTO_INCREMENT,
  `content` varchar(255) CHARACTER SET utf8 DEFAULT NULL,
  `star` int(11) NOT NULL DEFAULT '5',
  `create_at` datetime(6) NOT NULL DEFAULT CURRENT_TIMESTAMP(6),
  `update_at` datetime(6) NOT NULL DEFAULT CURRENT_TIMESTAMP(6),
  `isApprove` tinyint(4) NOT NULL DEFAULT '0',
  `userId` int(11) DEFAULT NULL,
  `userApproveId` int(11) DEFAULT NULL,
  `apartmentId` int(11) DEFAULT NULL,
  PRIMARY KEY (`id`),
  KEY `FK_b64bb47656576e5317ee445dbfd` (`userId`),
  KEY `FK_928e29569c9238ff0ec1bef46f5` (`userApproveId`),
  KEY `FK_5a77c8124db44260f9f38f74532` (`apartmentId`),
  CONSTRAINT `FK_5a77c8124db44260f9f38f74532` FOREIGN KEY (`apartmentId`) REFERENCES `apartment` (`id`) ON DELETE CASCADE ON UPDATE CASCADE,
  CONSTRAINT `FK_928e29569c9238ff0ec1bef46f5` FOREIGN KEY (`userApproveId`) REFERENCES `user` (`id`) ON DELETE CASCADE ON UPDATE CASCADE,
  CONSTRAINT `FK_b64bb47656576e5317ee445dbfd` FOREIGN KEY (`userId`) REFERENCES `user` (`id`) ON DELETE CASCADE ON UPDATE CASCADE
) ENGINE=InnoDB AUTO_INCREMENT=10 DEFAULT CHARSET=utf8mb4;
/*!40101 SET character_set_client = @saved_cs_client */;

--
-- Dumping data for table `apartment_review`
--

LOCK TABLES `apartment_review` WRITE;
/*!40000 ALTER TABLE `apartment_review` DISABLE KEYS */;
INSERT INTO `apartment_review` VALUES (4,'ahihai',5,'2020-12-28 07:15:00.381006','2020-12-28 07:25:49.000000',1,6,1,13),(5,'fgvfvfvd',5,'2020-12-28 08:07:01.158205','2020-12-28 08:09:09.000000',1,5,3,6),(6,'Đẹp',5,'2020-12-28 09:10:24.448146','2020-12-30 02:27:09.000000',1,1,1,21),(7,'nhà tốt',5,'2020-12-28 12:49:18.588078','2020-12-28 12:59:59.000000',1,10,1,29),(8,'nha tro tot',5,'2020-12-30 02:27:44.521189','2020-12-30 02:27:49.000000',1,10,1,29),(9,'Nhà đểu vc',5,'2021-04-24 14:56:10.986481','2021-04-24 14:56:10.986481',0,1,NULL,31);
/*!40000 ALTER TABLE `apartment_review` ENABLE KEYS */;
UNLOCK TABLES;

--
-- Table structure for table `apartment_type`
--

DROP TABLE IF EXISTS `apartment_type`;
/*!40101 SET @saved_cs_client     = @@character_set_client */;
/*!50503 SET character_set_client = utf8mb4 */;
CREATE TABLE `apartment_type` (
  `id` int(11) NOT NULL AUTO_INCREMENT,
  `code` varchar(10) CHARACTER SET utf8 NOT NULL,
  `name` varchar(255) CHARACTER SET utf8 NOT NULL,
  PRIMARY KEY (`id`),
  UNIQUE KEY `IDX_68707759795a97b1ec8c09944d` (`code`)
) ENGINE=InnoDB AUTO_INCREMENT=5 DEFAULT CHARSET=utf8mb4;
/*!40101 SET character_set_client = @saved_cs_client */;

--
-- Dumping data for table `apartment_type`
--

LOCK TABLES `apartment_type` WRITE;
/*!40000 ALTER TABLE `apartment_type` DISABLE KEYS */;
INSERT INTO `apartment_type` VALUES (1,'0001','Nhà trọ bình dân'),(2,'0002','Chung cư mini'),(3,'0005','Home Stay'),(4,'0003','Chung cư');
/*!40000 ALTER TABLE `apartment_type` ENABLE KEYS */;
UNLOCK TABLES;

--
-- Table structure for table `avatar_user`
--

DROP TABLE IF EXISTS `avatar_user`;
/*!40101 SET @saved_cs_client     = @@character_set_client */;
/*!50503 SET character_set_client = utf8mb4 */;
CREATE TABLE `avatar_user` (
  `id` int(11) NOT NULL AUTO_INCREMENT,
  `url` varchar(255) DEFAULT 'https://www.avatarins.com/image/homesmall.png',
  PRIMARY KEY (`id`)
) ENGINE=InnoDB AUTO_INCREMENT=14 DEFAULT CHARSET=utf8mb4;
/*!40101 SET character_set_client = @saved_cs_client */;

--
-- Dumping data for table `avatar_user`
--

LOCK TABLES `avatar_user` WRITE;
/*!40000 ALTER TABLE `avatar_user` DISABLE KEYS */;
INSERT INTO `avatar_user` VALUES (1,'https://www.avatarins.com/image/homesmall.png'),(2,'https://www.avatarins.com/image/homesmall.png'),(3,'https://www.avatarins.com/image/homesmall.png'),(4,'http://192.168.43.89:3000/avatar-1609110674730-122788410_577369666353000_6299338963042178166_n.jpg'),(5,'https://www.avatarins.com/image/homesmall.png'),(6,'https://www.avatarins.com/image/homesmall.png'),(7,'https://www.avatarins.com/image/homesmall.png'),(8,'https://www.avatarins.com/image/homesmall.png'),(9,'http://192.168.43.89:3000/avatar-1609114584532-11062339_936357076423736_8686865242051210984_o.jpg'),(10,'https://www.avatarins.com/image/homesmall.png'),(11,'https://www.avatarins.com/image/homesmall.png'),(12,'https://www.avatarins.com/image/homesmall.png'),(13,'http://localhost:3000/avatar-1623384450544-poster.gif');
/*!40000 ALTER TABLE `avatar_user` ENABLE KEYS */;
UNLOCK TABLES;

--
-- Table structure for table `contact_user`
--

DROP TABLE IF EXISTS `contact_user`;
/*!40101 SET @saved_cs_client     = @@character_set_client */;
/*!50503 SET character_set_client = utf8mb4 */;
CREATE TABLE `contact_user` (
  `id` int(11) NOT NULL AUTO_INCREMENT,
  `email` varchar(255) DEFAULT NULL,
  `phone` varchar(15) NOT NULL,
  `phone2` varchar(15) DEFAULT NULL,
  `address` varchar(255) CHARACTER SET utf8 DEFAULT NULL,
  `userId` int(11) DEFAULT NULL,
  PRIMARY KEY (`id`),
  UNIQUE KEY `REL_208296832c6ebe8ebfe68c3bd6` (`userId`),
  CONSTRAINT `FK_208296832c6ebe8ebfe68c3bd60` FOREIGN KEY (`userId`) REFERENCES `user` (`id`) ON DELETE CASCADE ON UPDATE CASCADE
) ENGINE=InnoDB AUTO_INCREMENT=9 DEFAULT CHARSET=utf8mb4;
/*!40101 SET character_set_client = @saved_cs_client */;

--
-- Dumping data for table `contact_user`
--

LOCK TABLES `contact_user` WRITE;
/*!40000 ALTER TABLE `contact_user` DISABLE KEYS */;
INSERT INTO `contact_user` VALUES (1,'phanminh118@gmail.com','0853431261','0658745478','35/10 Tu Hoang',3),(2,'hamo00@gmail.com','0923984238','0923984238','1444 Xuân Thủy',4),(3,'nguyentiep123@gmail.com','0819200620','0819200620','144 Xuân thủy',5),(4,'iphonetham1@gmail.com','0853431261','3545454512','35/10 xuan khao',6),(5,'hamo1112@gmail.com','0923984238',NULL,'số 10, Láng Hạ',7),(6,'nhatrontt@gmai.com','0819200620','0819200620','177 Trung Kính',8),(7,'nhatro2@gmail.com','0819200620','0819200620','144 Xuân Thủy',9),(8,'renter112@gmail.com','0819200620','0819200620','35 xuan thủy',10);
/*!40000 ALTER TABLE `contact_user` ENABLE KEYS */;
UNLOCK TABLES;

--
-- Table structure for table `district`
--

DROP TABLE IF EXISTS `district`;
/*!40101 SET @saved_cs_client     = @@character_set_client */;
/*!50503 SET character_set_client = utf8mb4 */;
CREATE TABLE `district` (
  `id` int(11) NOT NULL AUTO_INCREMENT,
  `code` varchar(20) NOT NULL,
  `name` varchar(255) CHARACTER SET utf8 NOT NULL,
  `provinceId` int(11) DEFAULT NULL,
  PRIMARY KEY (`id`),
  UNIQUE KEY `IDX_fbfe5cb0d22c2be8c9a9fff5b6` (`code`),
  KEY `FK_23a21b38208367a242b1dd3a424` (`provinceId`),
  CONSTRAINT `FK_23a21b38208367a242b1dd3a424` FOREIGN KEY (`provinceId`) REFERENCES `province` (`id`) ON DELETE CASCADE ON UPDATE CASCADE
) ENGINE=InnoDB AUTO_INCREMENT=13 DEFAULT CHARSET=utf8mb4;
/*!40101 SET character_set_client = @saved_cs_client */;

--
-- Dumping data for table `district`
--

LOCK TABLES `district` WRITE;
/*!40000 ALTER TABLE `district` DISABLE KEYS */;
INSERT INTO `district` VALUES (1,'0001','Ba Đình',1),(2,'0002','Bắc Từ Liêm',1),(3,'0003','Cầu Giấy',1),(4,'0004','Đống Đa',1),(5,'0005','Hà Đông',1),(6,'0006','Hai Bà Trưng',1),(7,'0007','Hoàn Kiếm',1),(8,'0008','Hoàng Mai',1),(9,'0009','Long Biên',1),(10,'0010','Nam Từ Liêm',1),(11,'0011','Tây Hồ',1),(12,'0012','Thanh Xuân',1);
/*!40000 ALTER TABLE `district` ENABLE KEYS */;
UNLOCK TABLES;

--
-- Table structure for table `hint`
--

DROP TABLE IF EXISTS `hint`;
/*!40101 SET @saved_cs_client     = @@character_set_client */;
/*!50503 SET character_set_client = utf8mb4 */;
CREATE TABLE `hint` (
  `id` int(11) NOT NULL AUTO_INCREMENT,
  `name` text CHARACTER SET utf8 NOT NULL,
  `districtName` varchar(30) CHARACTER SET utf8 DEFAULT '',
  `wardName` varchar(30) CHARACTER SET utf8 DEFAULT '',
  `provinceName` varchar(30) CHARACTER SET utf8 NOT NULL DEFAULT '',
  PRIMARY KEY (`id`),
  KEY `IDX_e88c90b3b579c7d8058fc47a7f` (`districtName`),
  KEY `IDX_fcde6e75b5f112d636dd208768` (`wardName`),
  KEY `IDX_9ba252fb0b16608fcce1590def` (`provinceName`),
  FULLTEXT KEY `IDX_882011c973bae69d660d6b4de2` (`name`)
) ENGINE=InnoDB AUTO_INCREMENT=1481 DEFAULT CHARSET=utf8mb4;
/*!40101 SET character_set_client = @saved_cs_client */;

--
-- Dumping data for table `hint`
--

LOCK TABLES `hint` WRITE;
/*!40000 ALTER TABLE `hint` DISABLE KEYS */;
INSERT INTO `hint` VALUES (1,'TP Hà Nội','','','TP Hà Nội'),(2,'TP Hồ Chí Minh','','','TP Hồ Chí Minh'),(3,'TP Hai Phong','','','TP Hai Phong'),(4,'TP Da Nang','','','TP Da Nang'),(5,'Tieu vuong quoc','','','Tieu vuong quoc'),(6,'Ba Đình,TP Hà Nội','Ba Đình','','TP Hà Nội'),(7,'Bắc Từ Liêm,TP Hà Nội','Bắc Từ Liêm','','TP Hà Nội'),(8,'Cầu Giấy,TP Hà Nội','Cầu Giấy','','TP Hà Nội'),(9,'Đống Đa,TP Hà Nội','Đống Đa','','TP Hà Nội'),(10,'Hà Đông,TP Hà Nội','Hà Đông','','TP Hà Nội'),(11,'Hai Bà Trưng,TP Hà Nội','Hai Bà Trưng','','TP Hà Nội'),(12,'Hoàn Kiếm,TP Hà Nội','Hoàn Kiếm','','TP Hà Nội'),(13,'Hoàng Mai,TP Hà Nội','Hoàng Mai','','TP Hà Nội'),(14,'Long Biên,TP Hà Nội','Long Biên','','TP Hà Nội'),(15,'Nam Từ Liêm,TP Hà Nội','Nam Từ Liêm','','TP Hà Nội'),(16,'Tây Hồ,TP Hà Nội','Tây Hồ','','TP Hà Nội'),(17,'Thanh Xuân,TP Hà Nội','Thanh Xuân','','TP Hà Nội'),(18,'Bưởi,Cầu Giấy,TP Hà Nội','Cầu Giấy','','Bưởi'),(19,'Cầu Giấy,Cầu Giấy,TP Hà Nội','Cầu Giấy','','Cầu Giấy'),(20,'Chùa Hà,Cầu Giấy,TP Hà Nội','Cầu Giấy','','Chùa Hà'),(21,'Đặng Thùy Trâm,Cầu Giấy,TP Hà Nội','Cầu Giấy','','Đặng Thùy Trâm'),(22,'Dịch Vọng,Cầu Giấy,TP Hà Nội','Cầu Giấy','','Dịch Vọng'),(23,'Dịch Vọng Hậu,Cầu Giấy,TP Hà Nội','Cầu Giấy','','Dịch Vọng Hậu'),(24,'Đinh Núp,Cầu Giấy,TP Hà Nội','Cầu Giấy','','Đinh Núp'),(25,'Đỗ Quang,Cầu Giấy,TP Hà Nội','Cầu Giấy','','Đỗ Quang'),(26,'Doãn Kế Thiện,Cầu Giấy,TP Hà Nội','Cầu Giấy','','Doãn Kế Thiện'),(27,'Dương Đình Nghệ,Cầu Giấy,TP Hà Nội','Cầu Giấy','','Dương Đình Nghệ'),(28,'Dương Khuê,Cầu Giấy,TP Hà Nội','Cầu Giấy','','Dương Khuê'),(29,'Dương Quảng Hàm,Cầu Giấy,TP Hà Nội','Cầu Giấy','','Dương Quảng Hàm'),(30,'Duy Tân,Cầu Giấy,TP Hà Nội','Cầu Giấy','','Duy Tân'),(31,'Đại lộ Thăng Long,Cầu Giấy,TP Hà Nội','Cầu Giấy','','Đại lộ Thăng Long'),(32,'Hồ Tùng Mậu,Cầu Giấy,TP Hà Nội','Cầu Giấy','','Hồ Tùng Mậu'),(33,'Hoa Bằng,Cầu Giấy,TP Hà Nội','Cầu Giấy','','Hoa Bằng'),(34,'Hoàng Đạo Thúy,Cầu Giấy,TP Hà Nội','Cầu Giấy','','Hoàng Đạo Thúy'),(35,'Hoàng Minh Giám,Cầu Giấy,TP Hà Nội','Cầu Giấy','','Hoàng Minh Giám'),(36,'Hoàng Ngân,Cầu Giấy,TP Hà Nội','Cầu Giấy','','Hoàng Ngân'),(37,'Hoàng Quốc Việt,Cầu Giấy,TP Hà Nội','Cầu Giấy','','Hoàng Quốc Việt'),(38,'Hoàng Sâm,Cầu Giấy,TP Hà Nội','Cầu Giấy','','Hoàng Sâm'),(39,'Khuất Duy Tiến,Cầu Giấy,TP Hà Nội','Cầu Giấy','','Khuất Duy Tiến'),(40,'Khúc Thừa Dụ,Cầu Giấy,TP Hà Nội','Cầu Giấy','','Khúc Thừa Dụ'),(41,'Lạc Long Quân,Cầu Giấy,TP Hà Nội','Cầu Giấy','','Lạc Long Quân'),(42,'Lê Đức Thọ,Cầu Giấy,TP Hà Nội','Cầu Giấy','','Lê Đức Thọ'),(43,'Lê Văn Lương,Cầu Giấy,TP Hà Nội','Cầu Giấy','','Lê Văn Lương'),(44,'Mạc Thái Tổ,Cầu Giấy,TP Hà Nội','Cầu Giấy','','Mạc Thái Tổ'),(45,'Mạc Thái Tông,Cầu Giấy,TP Hà Nội','Cầu Giấy','','Mạc Thái Tông'),(46,'Mai Dịch,Cầu Giấy,TP Hà Nội','Cầu Giấy','','Mai Dịch'),(47,'Nghĩa Đô,Cầu Giấy,TP Hà Nội','Cầu Giấy','','Nghĩa Đô'),(48,'Nghĩa Tân,Cầu Giấy,TP Hà Nội','Cầu Giấy','','Nghĩa Tân'),(49,'Nguyễn Chánh,Cầu Giấy,TP Hà Nội','Cầu Giấy','','Nguyễn Chánh'),(50,'Nguyễn Đình Hoàn,Cầu Giấy,TP Hà Nội','Cầu Giấy','','Nguyễn Đình Hoàn'),(51,'Nguyễn Đỗ Cung,Cầu Giấy,TP Hà Nội','Cầu Giấy','','Nguyễn Đỗ Cung'),(52,'Nguyễn Khả Trạc,Cầu Giấy,TP Hà Nội','Cầu Giấy','','Nguyễn Khả Trạc'),(53,'Nguyễn Khang,Cầu Giấy,TP Hà Nội','Cầu Giấy','','Nguyễn Khang'),(54,'Nguyễn Khánh Toàn,Cầu Giấy,TP Hà Nội','Cầu Giấy','','Nguyễn Khánh Toàn'),(55,'Nguyễn Ngọc Vũ,Cầu Giấy,TP Hà Nội','Cầu Giấy','','Nguyễn Ngọc Vũ'),(56,'Nguyễn Phong Sắc,Cầu Giấy,TP Hà Nội','Cầu Giấy','','Nguyễn Phong Sắc'),(57,'Nguyễn Quốc Trị,Cầu Giấy,TP Hà Nội','Cầu Giấy','','Nguyễn Quốc Trị'),(58,'Nguyễn Thị Định,Cầu Giấy,TP Hà Nội','Cầu Giấy','','Nguyễn Thị Định'),(59,'Nguyễn Thị Thập,Cầu Giấy,TP Hà Nội','Cầu Giấy','','Nguyễn Thị Thập'),(60,'Nguyễn Văn Huyên,Cầu Giấy,TP Hà Nội','Cầu Giấy','','Nguyễn Văn Huyên'),(61,'Nguyễn Xuân Linh,Cầu Giấy,TP Hà Nội','Cầu Giấy','','Nguyễn Xuân Linh'),(62,'Phạm Hùng,Cầu Giấy,TP Hà Nội','Cầu Giấy','','Phạm Hùng'),(63,'Phạm Thận Duật,Cầu Giấy,TP Hà Nội','Cầu Giấy','','Phạm Thận Duật'),(64,'Phạm Tuấn Tài,Cầu Giấy,TP Hà Nội','Cầu Giấy','','Phạm Tuấn Tài'),(65,'Phạm Văn Bạch,Cầu Giấy,TP Hà Nội','Cầu Giấy','','Phạm Văn Bạch'),(66,'Phạm Văn Đồng,Cầu Giấy,TP Hà Nội','Cầu Giấy','','Phạm Văn Đồng'),(67,'Phan Văn Trường,Cầu Giấy,TP Hà Nội','Cầu Giấy','','Phan Văn Trường'),(68,'Phùng Chí Kiên,Cầu Giấy,TP Hà Nội','Cầu Giấy','','Phùng Chí Kiên'),(69,'Quan Hoa,Cầu Giấy,TP Hà Nội','Cầu Giấy','','Quan Hoa'),(70,'Quan Nhân,Cầu Giấy,TP Hà Nội','Cầu Giấy','','Quan Nhân'),(71,'Thành Thái,Cầu Giấy,TP Hà Nội','Cầu Giấy','','Thành Thái'),(72,'Thọ Tháp,Cầu Giấy,TP Hà Nội','Cầu Giấy','','Thọ Tháp'),(73,'Tô Hiệu,Cầu Giấy,TP Hà Nội','Cầu Giấy','','Tô Hiệu'),(74,'Tôn Thất Thuyết,Cầu Giấy,TP Hà Nội','Cầu Giấy','','Tôn Thất Thuyết'),(75,'Trần Bình,Cầu Giấy,TP Hà Nội','Cầu Giấy','','Trần Bình'),(76,'Trần Cung,Cầu Giấy,TP Hà Nội','Cầu Giấy','','Trần Cung'),(77,'Trần Đăng Ninh,Cầu Giấy,TP Hà Nội','Cầu Giấy','','Trần Đăng Ninh'),(78,'Trần Duy Hưng,Cầu Giấy,TP Hà Nội','Cầu Giấy','','Trần Duy Hưng'),(79,'Trần Kim Xuyến,Cầu Giấy,TP Hà Nội','Cầu Giấy','','Trần Kim Xuyến'),(80,'Trần Quốc Hoàn,Cầu Giấy,TP Hà Nội','Cầu Giấy','','Trần Quốc Hoàn'),(81,'Trần Quốc Vượng,Cầu Giấy,TP Hà Nội','Cầu Giấy','','Trần Quốc Vượng'),(82,'Trần Quý Kiên,Cầu Giấy,TP Hà Nội','Cầu Giấy','','Trần Quý Kiên'),(83,'Trần Thái Tông,Cầu Giấy,TP Hà Nội','Cầu Giấy','','Trần Thái Tông'),(84,'Trần Tử Bình,Cầu Giấy,TP Hà Nội','Cầu Giấy','','Trần Tử Bình'),(85,'Trần Vỹ,Cầu Giấy,TP Hà Nội','Cầu Giấy','','Trần Vỹ'),(86,'Trung Hòa,Cầu Giấy,TP Hà Nội','Cầu Giấy','','Trung Hòa'),(87,'Trung Kính,Cầu Giấy,TP Hà Nội','Cầu Giấy','','Trung Kính'),(88,'Trương Công Giai,Cầu Giấy,TP Hà Nội','Cầu Giấy','','Trương Công Giai'),(89,'Tú Mỡ,Cầu Giấy,TP Hà Nội','Cầu Giấy','','Tú Mỡ'),(90,'Võ Chí Công,Cầu Giấy,TP Hà Nội','Cầu Giấy','','Võ Chí Công'),(91,'Vũ Phạm Hàm,Cầu Giấy,TP Hà Nội','Cầu Giấy','','Vũ Phạm Hàm'),(92,'Xuân Thủy,Cầu Giấy,TP Hà Nội','Cầu Giấy','','Xuân Thủy'),(93,'Yên Hòa,Cầu Giấy,TP Hà Nội','Cầu Giấy','','Yên Hòa'),(94,'An Xá,Ba Đình,TP Hà Nội','Ba Đình','','An Xá'),(95,'Bà Huyện Thanh Quan,Ba Đình,TP Hà Nội','Ba Đình','','Bà Huyện Thanh Quan'),(96,'Bắc Sơn,Ba Đình,TP Hà Nội','Ba Đình','','Bắc Sơn'),(97,'Bưởi,Ba Đình,TP Hà Nội','Ba Đình','','Bưởi'),(98,'Cao Bá Quát,Ba Đình,TP Hà Nội','Ba Đình','','Cao Bá Quát'),(99,'Cầu Giấy,Ba Đình,TP Hà Nội','Ba Đình','','Cầu Giấy'),(100,'Châu Long,Ba Đình,TP Hà Nội','Ba Đình','','Châu Long'),(101,'Chu Văn An,Ba Đình,TP Hà Nội','Ba Đình','','Chu Văn An'),(102,'Chùa Một Cột,Ba Đình,TP Hà Nội','Ba Đình','','Chùa Một Cột'),(103,'Cửa Bắc,Ba Đình,TP Hà Nội','Ba Đình','','Cửa Bắc'),(104,'Đặng Dung,Ba Đình,TP Hà Nội','Ba Đình','','Đặng Dung'),(105,'Đặng Tất,Ba Đình,TP Hà Nội','Ba Đình','','Đặng Tất'),(106,'Đào Tấn,Ba Đình,TP Hà Nội','Ba Đình','','Đào Tấn'),(107,'Điện Biên Phủ,Ba Đình,TP Hà Nội','Ba Đình','','Điện Biên Phủ'),(108,'Độc Lập,Ba Đình,TP Hà Nội','Ba Đình','','Độc Lập'),(109,'Đốc Ngữ,Ba Đình,TP Hà Nội','Ba Đình','','Đốc Ngữ'),(110,'Đội Cấn,Ba Đình,TP Hà Nội','Ba Đình','','Đội Cấn'),(111,'Đội Nhân,Ba Đình,TP Hà Nội','Ba Đình','','Đội Nhân'),(112,'Giang Văn Minh,Ba Đình,TP Hà Nội','Ba Đình','','Giang Văn Minh'),(113,'Giảng Võ,Ba Đình,TP Hà Nội','Ba Đình','','Giảng Võ'),(114,'Hàng Bún,Ba Đình,TP Hà Nội','Ba Đình','','Hàng Bún'),(115,'Hàng Đậu,Ba Đình,TP Hà Nội','Ba Đình','','Hàng Đậu'),(116,'Hàng Than,Ba Đình,TP Hà Nội','Ba Đình','','Hàng Than'),(117,'Hoàng Diệu,Ba Đình,TP Hà Nội','Ba Đình','','Hoàng Diệu'),(118,'Hoàng Hoa Thám,Ba Đình,TP Hà Nội','Ba Đình','','Hoàng Hoa Thám'),(119,'Hoàng Văn Thụ,Ba Đình,TP Hà Nội','Ba Đình','','Hoàng Văn Thụ'),(120,'Hòe Nhai,Ba Đình,TP Hà Nội','Ba Đình','','Hòe Nhai'),(121,'Hồng Hà,Ba Đình,TP Hà Nội','Ba Đình','','Hồng Hà'),(122,'Hồng Phúc,Ba Đình,TP Hà Nội','Ba Đình','','Hồng Phúc'),(123,'Hùng Vương,Ba Đình,TP Hà Nội','Ba Đình','','Hùng Vương'),(124,'Huỳnh Thúc Kháng,Ba Đình,TP Hà Nội','Ba Đình','','Huỳnh Thúc Kháng'),(125,'Khúc Hạo,Ba Đình,TP Hà Nội','Ba Đình','','Khúc Hạo'),(126,'Kim Mã,Ba Đình,TP Hà Nội','Ba Đình','','Kim Mã'),(127,'Kim Mã Thượng,Ba Đình,TP Hà Nội','Ba Đình','','Kim Mã Thượng'),(128,'La Thành,Ba Đình,TP Hà Nội','Ba Đình','','La Thành'),(129,'Lạc Chính,Ba Đình,TP Hà Nội','Ba Đình','','Lạc Chính'),(130,'Láng Hạ,Ba Đình,TP Hà Nội','Ba Đình','','Láng Hạ'),(131,'Lê Duẩn,Ba Đình,TP Hà Nội','Ba Đình','','Lê Duẩn'),(132,'Lê Hồng Phong,Ba Đình,TP Hà Nội','Ba Đình','','Lê Hồng Phong'),(133,'Lê Trực,Ba Đình,TP Hà Nội','Ba Đình','','Lê Trực'),(134,'Liễu Giai,Ba Đình,TP Hà Nội','Ba Đình','','Liễu Giai'),(135,'Linh Lang,Ba Đình,TP Hà Nội','Ba Đình','','Linh Lang'),(136,'Lý Nam Đế,Ba Đình,TP Hà Nội','Ba Đình','','Lý Nam Đế'),(137,'Mạc Đĩnh Chi,Ba Đình,TP Hà Nội','Ba Đình','','Mạc Đĩnh Chi'),(138,'Mai Anh Tuấn,Ba Đình,TP Hà Nội','Ba Đình','','Mai Anh Tuấn'),(139,'Nam Cao,Ba Đình,TP Hà Nội','Ba Đình','','Nam Cao'),(140,'Nam Tràng,Ba Đình,TP Hà Nội','Ba Đình','','Nam Tràng'),(141,'Nghĩa Dũng,Ba Đình,TP Hà Nội','Ba Đình','','Nghĩa Dũng'),(142,'Ngọc Hà,Ba Đình,TP Hà Nội','Ba Đình','','Ngọc Hà'),(143,'Ngọc Khánh,Ba Đình,TP Hà Nội','Ba Đình','','Ngọc Khánh'),(144,'Ngũ Xã,Ba Đình,TP Hà Nội','Ba Đình','','Ngũ Xã'),(145,'Nguyễn Biểu,Ba Đình,TP Hà Nội','Ba Đình','','Nguyễn Biểu'),(146,'Nguyễn Cảnh Chân,Ba Đình,TP Hà Nội','Ba Đình','','Nguyễn Cảnh Chân'),(147,'Nguyễn Chí Thanh,Ba Đình,TP Hà Nội','Ba Đình','','Nguyễn Chí Thanh'),(148,'Nguyễn Công Hoan,Ba Đình,TP Hà Nội','Ba Đình','','Nguyễn Công Hoan'),(149,'Nguyên Hồng,Ba Đình,TP Hà Nội','Ba Đình','','Nguyên Hồng'),(150,'Nguyễn Khắc Hiếu,Ba Đình,TP Hà Nội','Ba Đình','','Nguyễn Khắc Hiếu'),(151,'Nguyễn Khắc Nhu,Ba Đình,TP Hà Nội','Ba Đình','','Nguyễn Khắc Nhu'),(152,'Nguyễn Phạm Tuân,Ba Đình,TP Hà Nội','Ba Đình','','Nguyễn Phạm Tuân'),(153,'Nguyễn Thái Học,Ba Đình,TP Hà Nội','Ba Đình','','Nguyễn Thái Học'),(154,'Nguyễn Thiếp,Ba Đình,TP Hà Nội','Ba Đình','','Nguyễn Thiếp'),(155,'Nguyễn Tri Phương,Ba Đình,TP Hà Nội','Ba Đình','','Nguyễn Tri Phương'),(156,'Nguyễn Trung Trực,Ba Đình,TP Hà Nội','Ba Đình','','Nguyễn Trung Trực'),(157,'Nguyễn Trường Tộ,Ba Đình,TP Hà Nội','Ba Đình','','Nguyễn Trường Tộ'),(158,'Nguyễn Văn Ngọc,Ba Đình,TP Hà Nội','Ba Đình','','Nguyễn Văn Ngọc'),(159,'Núi Trúc,Ba Đình,TP Hà Nội','Ba Đình','','Núi Trúc'),(160,'Ông Ích Khiêm,Ba Đình,TP Hà Nội','Ba Đình','','Ông Ích Khiêm'),(161,'Phạm Hồng Thái,Ba Đình,TP Hà Nội','Ba Đình','','Phạm Hồng Thái'),(162,'Phạm Huy Thông,Ba Đình,TP Hà Nội','Ba Đình','','Phạm Huy Thông'),(163,'Phan Đình Phùng,Ba Đình,TP Hà Nội','Ba Đình','','Phan Đình Phùng'),(164,'Phan Huy Ích,Ba Đình,TP Hà Nội','Ba Đình','','Phan Huy Ích'),(165,'Phan Kế Bính,Ba Đình,TP Hà Nội','Ba Đình','','Phan Kế Bính'),(166,'Phó Đức Chính,Ba Đình,TP Hà Nội','Ba Đình','','Phó Đức Chính'),(167,'Phúc Xá,Ba Đình,TP Hà Nội','Ba Đình','','Phúc Xá'),(168,'Quần Ngựa,Ba Đình,TP Hà Nội','Ba Đình','','Quần Ngựa'),(169,'Quán Thánh,Ba Đình,TP Hà Nội','Ba Đình','','Quán Thánh'),(170,'Sơn Tây,Ba Đình,TP Hà Nội','Ba Đình','','Sơn Tây'),(171,'Tân Ấp,Ba Đình,TP Hà Nội','Ba Đình','','Tân Ấp'),(172,'Thanh Bảo,Ba Đình,TP Hà Nội','Ba Đình','','Thanh Bảo'),(173,'Thành Công,Ba Đình,TP Hà Nội','Ba Đình','','Thành Công'),(174,'Thanh Niên,Ba Đình,TP Hà Nội','Ba Đình','','Thanh Niên'),(175,'Tôn Thất Đàm,Ba Đình,TP Hà Nội','Ba Đình','','Tôn Thất Đàm'),(176,'Tôn Thất Thiệp,Ba Đình,TP Hà Nội','Ba Đình','','Tôn Thất Thiệp'),(177,'Trần Huy Liệu,Ba Đình,TP Hà Nội','Ba Đình','','Trần Huy Liệu'),(178,'Trần Phú,Ba Đình,TP Hà Nội','Ba Đình','','Trần Phú'),(179,'Trần Tế Xương,Ba Đình,TP Hà Nội','Ba Đình','','Trần Tế Xương'),(180,'Trấn Vũ,Ba Đình,TP Hà Nội','Ba Đình','','Trấn Vũ'),(181,'Trúc Bạch,Ba Đình,TP Hà Nội','Ba Đình','','Trúc Bạch'),(182,'Vạn Bảo,Ba Đình,TP Hà Nội','Ba Đình','','Vạn Bảo'),(183,'Văn Cao,Ba Đình,TP Hà Nội','Ba Đình','','Văn Cao'),(184,'Vạn Phúc,Ba Đình,TP Hà Nội','Ba Đình','','Vạn Phúc'),(185,'Vĩnh Phúc,Ba Đình,TP Hà Nội','Ba Đình','','Vĩnh Phúc'),(186,'Yên Ninh,Ba Đình,TP Hà Nội','Ba Đình','','Yên Ninh'),(187,'Yên Phụ,Ba Đình,TP Hà Nội','Ba Đình','','Yên Phụ'),(188,'Yên Thế,Ba Đình,TP Hà Nội','Ba Đình','','Yên Thế'),(189,'An Dương Vương,Bắc Từ Liêm,TP Hà Nội','Bắc Từ Liêm','','An Dương Vương'),(190,'Cầu Diễn,Bắc Từ Liêm,TP Hà Nội','Bắc Từ Liêm','','Cầu Diễn'),(191,'Cầu Noi,Bắc Từ Liêm,TP Hà Nội','Bắc Từ Liêm','','Cầu Noi'),(192,'Châu Đài,Bắc Từ Liêm,TP Hà Nội','Bắc Từ Liêm','','Châu Đài'),(193,'Cổ Nhuế,Bắc Từ Liêm,TP Hà Nội','Bắc Từ Liêm','','Cổ Nhuế'),(194,'Đăm,Bắc Từ Liêm,TP Hà Nội','Bắc Từ Liêm','','Đăm'),(195,'Đặng Thùy Trâm,Bắc Từ Liêm,TP Hà Nội','Bắc Từ Liêm','','Đặng Thùy Trâm'),(196,'Đình Quán,Bắc Từ Liêm,TP Hà Nội','Bắc Từ Liêm','','Đình Quán'),(197,'Đỗ Nhuận,Bắc Từ Liêm,TP Hà Nội','Bắc Từ Liêm','','Đỗ Nhuận'),(198,'Đông Ngạc,Bắc Từ Liêm,TP Hà Nội','Bắc Từ Liêm','','Đông Ngạc'),(199,'Đông Thắng,Bắc Từ Liêm,TP Hà Nội','Bắc Từ Liêm','','Đông Thắng'),(200,'Đức Diễn,Bắc Từ Liêm,TP Hà Nội','Bắc Từ Liêm','','Đức Diễn'),(201,'Đức Thắng,Bắc Từ Liêm,TP Hà Nội','Bắc Từ Liêm','','Đức Thắng'),(202,'Hồ Tùng Mậu,Bắc Từ Liêm,TP Hà Nội','Bắc Từ Liêm','','Hồ Tùng Mậu'),(203,'Hoàng Công Chất,Bắc Từ Liêm,TP Hà Nội','Bắc Từ Liêm','','Hoàng Công Chất'),(204,'Hoàng Liên,Bắc Từ Liêm,TP Hà Nội','Bắc Từ Liêm','','Hoàng Liên'),(205,'Hoàng Quốc Việt,Bắc Từ Liêm,TP Hà Nội','Bắc Từ Liêm','','Hoàng Quốc Việt'),(206,'Hoàng Tăng Bí,Bắc Từ Liêm,TP Hà Nội','Bắc Từ Liêm','','Hoàng Tăng Bí'),(207,'Kẻ Vẽ,Bắc Từ Liêm,TP Hà Nội','Bắc Từ Liêm','','Kẻ Vẽ'),(208,'Kiều Mai,Bắc Từ Liêm,TP Hà Nội','Bắc Từ Liêm','','Kiều Mai'),(209,'Kỳ Vũ,Bắc Từ Liêm,TP Hà Nội','Bắc Từ Liêm','','Kỳ Vũ'),(210,'Lê Văn Hiến,Bắc Từ Liêm,TP Hà Nội','Bắc Từ Liêm','','Lê Văn Hiến'),(211,'Liên Mạc,Bắc Từ Liêm,TP Hà Nội','Bắc Từ Liêm','','Liên Mạc'),(212,'Lộc,Bắc Từ Liêm,TP Hà Nội','Bắc Từ Liêm','','Lộc'),(213,'Mạc Xá,Bắc Từ Liêm,TP Hà Nội','Bắc Từ Liêm','','Mạc Xá'),(214,'Ngọa Long,Bắc Từ Liêm,TP Hà Nội','Bắc Từ Liêm','','Ngọa Long'),(215,'Nguyễn Đình Tứ,Bắc Từ Liêm,TP Hà Nội','Bắc Từ Liêm','','Nguyễn Đình Tứ'),(216,'Nguyễn Hoàng Tôn,Bắc Từ Liêm,TP Hà Nội','Bắc Từ Liêm','','Nguyễn Hoàng Tôn'),(217,'Nguyên Xá,Bắc Từ Liêm,TP Hà Nội','Bắc Từ Liêm','','Nguyên Xá'),(218,'Nguyễn Xuân Khoát,Bắc Từ Liêm,TP Hà Nội','Bắc Từ Liêm','','Nguyễn Xuân Khoát'),(219,'Nhật Tảo,Bắc Từ Liêm,TP Hà Nội','Bắc Từ Liêm','','Nhật Tảo'),(220,'Nhổn,Bắc Từ Liêm,TP Hà Nội','Bắc Từ Liêm','','Nhổn'),(221,'Phạm Tuấn Tài,Bắc Từ Liêm,TP Hà Nội','Bắc Từ Liêm','','Phạm Tuấn Tài'),(222,'Phạm Văn Đồng,Bắc Từ Liêm,TP Hà Nội','Bắc Từ Liêm','','Phạm Văn Đồng'),(223,'Phan Bá Vành,Bắc Từ Liêm,TP Hà Nội','Bắc Từ Liêm','','Phan Bá Vành'),(224,'Phú Diễn,Bắc Từ Liêm,TP Hà Nội','Bắc Từ Liêm','','Phú Diễn'),(225,'Phú Kiều,Bắc Từ Liêm,TP Hà Nội','Bắc Từ Liêm','','Phú Kiều'),(226,'Phú Minh,Bắc Từ Liêm,TP Hà Nội','Bắc Từ Liêm','','Phú Minh'),(227,'Phúc Diễn,Bắc Từ Liêm,TP Hà Nội','Bắc Từ Liêm','','Phúc Diễn'),(228,'Phúc Minh,Bắc Từ Liêm,TP Hà Nội','Bắc Từ Liêm','','Phúc Minh'),(229,'Sùng Khang,Bắc Từ Liêm,TP Hà Nội','Bắc Từ Liêm','','Sùng Khang'),(230,'Tân Dân,Bắc Từ Liêm,TP Hà Nội','Bắc Từ Liêm','','Tân Dân'),(231,'Tân Nhuệ,Bắc Từ Liêm,TP Hà Nội','Bắc Từ Liêm','','Tân Nhuệ'),(232,'Tân Phong,Bắc Từ Liêm,TP Hà Nội','Bắc Từ Liêm','','Tân Phong'),(233,'Tân Xuân,Bắc Từ Liêm,TP Hà Nội','Bắc Từ Liêm','','Tân Xuân'),(234,'Tây Đăm,Bắc Từ Liêm,TP Hà Nội','Bắc Từ Liêm','','Tây Đăm'),(235,'Tây Tựu,Bắc Từ Liêm,TP Hà Nội','Bắc Từ Liêm','','Tây Tựu'),(236,'Thanh Lâm,Bắc Từ Liêm,TP Hà Nội','Bắc Từ Liêm','','Thanh Lâm'),(237,'Thượng Cát,Bắc Từ Liêm,TP Hà Nội','Bắc Từ Liêm','','Thượng Cát'),(238,'Thụy Phương,Bắc Từ Liêm,TP Hà Nội','Bắc Từ Liêm','','Thụy Phương'),(239,'Tôn Quang Phiệt,Bắc Từ Liêm,TP Hà Nội','Bắc Từ Liêm','','Tôn Quang Phiệt'),(240,'Trần Cung,Bắc Từ Liêm,TP Hà Nội','Bắc Từ Liêm','','Trần Cung'),(241,'Trung Kiên,Bắc Từ Liêm,TP Hà Nội','Bắc Từ Liêm','','Trung Kiên'),(242,'Trung Tựu,Bắc Từ Liêm,TP Hà Nội','Bắc Từ Liêm','','Trung Tựu'),(243,'Văn Hội,Bắc Từ Liêm,TP Hà Nội','Bắc Từ Liêm','','Văn Hội'),(244,'Văn Tiến Dũng,Bắc Từ Liêm,TP Hà Nội','Bắc Từ Liêm','','Văn Tiến Dũng'),(245,'Văn Trì,Bắc Từ Liêm,TP Hà Nội','Bắc Từ Liêm','','Văn Trì'),(246,'Viên,Bắc Từ Liêm,TP Hà Nội','Bắc Từ Liêm','','Viên'),(247,'Võ Quý Huân,Bắc Từ Liêm,TP Hà Nội','Bắc Từ Liêm','','Võ Quý Huân'),(248,'Xuân Đỉnh,Bắc Từ Liêm,TP Hà Nội','Bắc Từ Liêm','','Xuân Đỉnh'),(249,'Xuân Phương,Bắc Từ Liêm,TP Hà Nội','Bắc Từ Liêm','','Xuân Phương'),(250,'Yên Nội,Bắc Từ Liêm,TP Hà Nội','Bắc Từ Liêm','','Yên Nội'),(251,'An Trạch,Đống Đa,TP Hà Nội','Đống Đa','','An Trạch'),(252,'Bích Câu,Đống Đa,TP Hà Nội','Đống Đa','','Bích Câu'),(253,'Cát Linh,Đống Đa,TP Hà Nội','Đống Đa','','Cát Linh'),(254,'Cầu Giấy,Đống Đa,TP Hà Nội','Đống Đa','','Cầu Giấy'),(255,'Cầu Mới,Đống Đa,TP Hà Nội','Đống Đa','','Cầu Mới'),(256,'Chợ Khâm Thiên,Đống Đa,TP Hà Nội','Đống Đa','','Chợ Khâm Thiên'),(257,'Chùa Bộc,Đống Đa,TP Hà Nội','Đống Đa','','Chùa Bộc'),(258,'Chùa Láng,Đống Đa,TP Hà Nội','Đống Đa','','Chùa Láng'),(259,'Đặng Tiến Đông,Đống Đa,TP Hà Nội','Đống Đa','','Đặng Tiến Đông'),(260,'Đặng Trần Côn,Đống Đa,TP Hà Nội','Đống Đa','','Đặng Trần Côn'),(261,'Đặng Văn Ngữ,Đống Đa,TP Hà Nội','Đống Đa','','Đặng Văn Ngữ'),(262,'Đào Duy Anh,Đống Đa,TP Hà Nội','Đống Đa','','Đào Duy Anh'),(263,'Đoàn Thị Điểm,Đống Đa,TP Hà Nội','Đống Đa','','Đoàn Thị Điểm'),(264,'Đông Các,Đống Đa,TP Hà Nội','Đống Đa','','Đông Các'),(265,'Đông Tác,Đống Đa,TP Hà Nội','Đống Đa','','Đông Tác'),(266,'Giải Phóng,Đống Đa,TP Hà Nội','Đống Đa','','Giải Phóng'),(267,'Giảng Võ,Đống Đa,TP Hà Nội','Đống Đa','','Giảng Võ'),(268,'Hàng Cháo,Đống Đa,TP Hà Nội','Đống Đa','','Hàng Cháo'),(269,'Hào Nam,Đống Đa,TP Hà Nội','Đống Đa','','Hào Nam'),(270,'Hồ Đắc Di,Đống Đa,TP Hà Nội','Đống Đa','','Hồ Đắc Di'),(271,'Hồ Giám,Đống Đa,TP Hà Nội','Đống Đa','','Hồ Giám'),(272,'Hoàng Cầu,Đống Đa,TP Hà Nội','Đống Đa','','Hoàng Cầu'),(273,'Hoàng Ngọc Phách,Đống Đa,TP Hà Nội','Đống Đa','','Hoàng Ngọc Phách'),(274,'Hoàng Tích Trí,Đống Đa,TP Hà Nội','Đống Đa','','Hoàng Tích Trí'),(275,'Huỳnh Thúc Kháng,Đống Đa,TP Hà Nội','Đống Đa','','Huỳnh Thúc Kháng'),(276,'Khâm Thiên,Đống Đa,TP Hà Nội','Đống Đa','','Khâm Thiên'),(277,'Khương Thượng,Đống Đa,TP Hà Nội','Đống Đa','','Khương Thượng'),(278,'Kim Hoa,Đống Đa,TP Hà Nội','Đống Đa','','Kim Hoa'),(279,'La Thành,Đống Đa,TP Hà Nội','Đống Đa','','La Thành'),(280,'Láng,Đống Đa,TP Hà Nội','Đống Đa','','Láng'),(281,'Láng Hạ,Đống Đa,TP Hà Nội','Đống Đa','','Láng Hạ'),(282,'Lê Duẩn,Đống Đa,TP Hà Nội','Đống Đa','','Lê Duẩn'),(283,'Lương Định Của,Đống Đa,TP Hà Nội','Đống Đa','','Lương Định Của'),(284,'Lý Văn Phức,Đống Đa,TP Hà Nội','Đống Đa','','Lý Văn Phức'),(285,'Mai Anh Tuấn,Đống Đa,TP Hà Nội','Đống Đa','','Mai Anh Tuấn'),(286,'Nam Đồng,Đống Đa,TP Hà Nội','Đống Đa','','Nam Đồng'),(287,'Ngô Sĩ Liên,Đống Đa,TP Hà Nội','Đống Đa','','Ngô Sĩ Liên'),(288,'Ngô Tất Tố,Đống Đa,TP Hà Nội','Đống Đa','','Ngô Tất Tố'),(289,'Nguyễn Chí Thanh,Đống Đa,TP Hà Nội','Đống Đa','','Nguyễn Chí Thanh'),(290,'Nguyên Hồng,Đống Đa,TP Hà Nội','Đống Đa','','Nguyên Hồng'),(291,'Nguyễn Khuyến,Đống Đa,TP Hà Nội','Đống Đa','','Nguyễn Khuyến'),(292,'Nguyễn Lương Bằng,Đống Đa,TP Hà Nội','Đống Đa','','Nguyễn Lương Bằng'),(293,'Nguyễn Ngọc Doãn,Đống Đa,TP Hà Nội','Đống Đa','','Nguyễn Ngọc Doãn'),(294,'Nguyễn Như Đổ,Đống Đa,TP Hà Nội','Đống Đa','','Nguyễn Như Đổ'),(295,'Nguyễn Phúc Lai,Đống Đa,TP Hà Nội','Đống Đa','','Nguyễn Phúc Lai'),(296,'Nguyễn Thái Học,Đống Đa,TP Hà Nội','Đống Đa','','Nguyễn Thái Học'),(297,'Nguyễn Trãi,Đống Đa,TP Hà Nội','Đống Đa','','Nguyễn Trãi'),(298,'Nguyễn Văn Tuyết,Đống Đa,TP Hà Nội','Đống Đa','','Nguyễn Văn Tuyết'),(299,'Ô Chợ Dừa,Đống Đa,TP Hà Nội','Đống Đa','','Ô Chợ Dừa'),(300,'Ô Đồng Lầm,Đống Đa,TP Hà Nội','Đống Đa','','Ô Đồng Lầm'),(301,'Phạm Ngọc Thạch,Đống Đa,TP Hà Nội','Đống Đa','','Phạm Ngọc Thạch'),(302,'Phan Phù Tiên,Đống Đa,TP Hà Nội','Đống Đa','','Phan Phù Tiên'),(303,'Phan Văn Trị,Đống Đa,TP Hà Nội','Đống Đa','','Phan Văn Trị'),(304,'Pháo Đài Láng,Đống Đa,TP Hà Nội','Đống Đa','','Pháo Đài Láng'),(305,'Phương Mai,Đống Đa,TP Hà Nội','Đống Đa','','Phương Mai'),(306,'Quốc Tử Giám,Đống Đa,TP Hà Nội','Đống Đa','','Quốc Tử Giám'),(307,'Tam Khương,Đống Đa,TP Hà Nội','Đống Đa','','Tam Khương'),(308,'Tây Sơn,Đống Đa,TP Hà Nội','Đống Đa','','Tây Sơn'),(309,'Thái Hà,Đống Đa,TP Hà Nội','Đống Đa','','Thái Hà'),(310,'Thái Thịnh,Đống Đa,TP Hà Nội','Đống Đa','','Thái Thịnh'),(311,'Tôn Đức Thắng,Đống Đa,TP Hà Nội','Đống Đa','','Tôn Đức Thắng'),(312,'Tôn Thất Tùng,Đống Đa,TP Hà Nội','Đống Đa','','Tôn Thất Tùng'),(313,'Trần Hữu Tước,Đống Đa,TP Hà Nội','Đống Đa','','Trần Hữu Tước'),(314,'Trần Quang Diệu,Đống Đa,TP Hà Nội','Đống Đa','','Trần Quang Diệu'),(315,'Trần Quý Cáp,Đống Đa,TP Hà Nội','Đống Đa','','Trần Quý Cáp'),(316,'Trịnh Hoài Đức,Đống Đa,TP Hà Nội','Đống Đa','','Trịnh Hoài Đức'),(317,'Trúc Khê,Đống Đa,TP Hà Nội','Đống Đa','','Trúc Khê'),(318,'Trung Liệt,Đống Đa,TP Hà Nội','Đống Đa','','Trung Liệt'),(319,'Trung Phụng,Đống Đa,TP Hà Nội','Đống Đa','','Trung Phụng'),(320,'Trường Chinh,Đống Đa,TP Hà Nội','Đống Đa','','Trường Chinh'),(321,'Văn Miếu,Đống Đa,TP Hà Nội','Đống Đa','','Văn Miếu'),(322,'Vĩnh Hồ,Đống Đa,TP Hà Nội','Đống Đa','','Vĩnh Hồ'),(323,'Võ Văn Dũng,Đống Đa,TP Hà Nội','Đống Đa','','Võ Văn Dũng'),(324,'Vọng,Đống Đa,TP Hà Nội','Đống Đa','','Vọng'),(325,'Vũ Ngọc Phan,Đống Đa,TP Hà Nội','Đống Đa','','Vũ Ngọc Phan'),(326,'Vũ Thạnh,Đống Đa,TP Hà Nội','Đống Đa','','Vũ Thạnh'),(327,'Xã Đàn,Đống Đa,TP Hà Nội','Đống Đa','','Xã Đàn'),(328,'Y Miếu,Đống Đa,TP Hà Nội','Đống Đa','','Y Miếu'),(329,'Yên Lãng,Đống Đa,TP Hà Nội','Đống Đa','','Yên Lãng'),(330,'Đường 19-5,Hà Đông,TP Hà Nội','Hà Đông','','Đường 19-5'),(331,'Phố An Hòa,Hà Đông,TP Hà Nội','Hà Đông','','Phố An Hòa'),(332,'Phố Ao Sen,Hà Đông,TP Hà Nội','Hà Đông','','Phố Ao Sen'),(333,'Phố Ba La,Hà Đông,TP Hà Nội','Hà Đông','','Phố Ba La'),(334,'Phố Bà Triệu,Hà Đông,TP Hà Nội','Hà Đông','','Phố Bà Triệu'),(335,'Phố Bạch Thái Bưởi,Hà Đông,TP Hà Nội','Hà Đông','','Phố Bạch Thái Bưởi'),(336,'Phố Bế Văn Đàn,Hà Đông,TP Hà Nội','Hà Đông','','Phố Bế Văn Đàn'),(337,'Đường Biên Giang,Hà Đông,TP Hà Nội','Hà Đông','','Đường Biên Giang'),(338,'Phố Bùi Bằng Đoàn,Hà Đông,TP Hà Nội','Hà Đông','','Phố Bùi Bằng Đoàn'),(339,'Phố Cao Thắng,Hà Đông,TP Hà Nội','Hà Đông','','Phố Cao Thắng'),(340,'Phố Cầu Am,Hà Đông,TP Hà Nội','Hà Đông','','Phố Cầu Am'),(341,'Phố Cầu Đơ,Hà Đông,TP Hà Nội','Hà Đông','','Phố Cầu Đơ'),(342,'Đường Chiến Thắng,Hà Đông,TP Hà Nội','Hà Đông','','Đường Chiến Thắng'),(343,'Phố Chu Văn An,Hà Đông,TP Hà Nội','Hà Đông','','Phố Chu Văn An'),(344,'Phố Cù Chính Lan,Hà Đông,TP Hà Nội','Hà Đông','','Phố Cù Chính Lan'),(345,'Đường Đa Sĩ,Hà Đông,TP Hà Nội','Hà Đông','','Đường Đa Sĩ'),(346,'Phố Đại An,Hà Đông,TP Hà Nội','Hà Đông','','Phố Đại An'),(347,'Phố Đinh Tiên Hoàng,Hà Đông,TP Hà Nội','Hà Đông','','Phố Đinh Tiên Hoàng'),(348,'Phố Dương Lâm,Hà Đông,TP Hà Nội','Hà Đông','','Phố Dương Lâm'),(349,'Đường Dương Nội,Hà Đông,TP Hà Nội','Hà Đông','','Đường Dương Nội'),(350,'Phố Hà Cầu,Hà Đông,TP Hà Nội','Hà Đông','','Phố Hà Cầu'),(351,'Phố Hoàng Diệu,Hà Đông,TP Hà Nội','Hà Đông','','Phố Hoàng Diệu'),(352,'Phố Hoàng Hoa Thám,Hà Đông,TP Hà Nội','Hà Đông','','Phố Hoàng Hoa Thám'),(353,'Phố Hoàng Văn Thụ,Hà Đông,TP Hà Nội','Hà Đông','','Phố Hoàng Văn Thụ'),(354,'Phố Huỳnh Thúc Kháng,Hà Đông,TP Hà Nội','Hà Đông','','Phố Huỳnh Thúc Kháng'),(355,'Phố La Dương,Hà Đông,TP Hà Nội','Hà Đông','','Phố La Dương'),(356,'Phố La Nội,Hà Đông,TP Hà Nội','Hà Đông','','Phố La Nội'),(357,'Phố Lê Hồng Phong,Hà Đông,TP Hà Nội','Hà Đông','','Phố Lê Hồng Phong'),(358,'Phố Lê Hữu Trác,Hà Đông,TP Hà Nội','Hà Đông','','Phố Lê Hữu Trác'),(359,'Phố Lê Lai,Hà Đông,TP Hà Nội','Hà Đông','','Phố Lê Lai'),(360,'Phố Lê Lợi,Hà Đông,TP Hà Nội','Hà Đông','','Phố Lê Lợi'),(361,'Phố Lê Quý Đôn,Hà Đông,TP Hà Nội','Hà Đông','','Phố Lê Quý Đôn'),(362,'Đường Lê Trọng Tấn,Hà Đông,TP Hà Nội','Hà Đông','','Đường Lê Trọng Tấn'),(363,'Phố Lụa,Hà Đông,TP Hà Nội','Hà Đông','','Phố Lụa'),(364,'Phố Lương Ngọc Quyến,Hà Đông,TP Hà Nội','Hà Đông','','Phố Lương Ngọc Quyến'),(365,'Phố Lương Văn Can,Hà Đông,TP Hà Nội','Hà Đông','','Phố Lương Văn Can'),(366,'Phố Lý Thường Kiệt,Hà Đông,TP Hà Nội','Hà Đông','','Phố Lý Thường Kiệt'),(367,'Phố Lý Tự Trọng,Hà Đông,TP Hà Nội','Hà Đông','','Phố Lý Tự Trọng'),(368,'Phố Mậu Lương,Hà Đông,TP Hà Nội','Hà Đông','','Phố Mậu Lương'),(369,'Phố Mộ Lao,Hà Đông,TP Hà Nội','Hà Đông','','Phố Mộ Lao'),(370,'Phố Ngô Đình Mẫn,Hà Đông,TP Hà Nội','Hà Đông','','Phố Ngô Đình Mẫn'),(371,'Phố Ngô Gia Khảm,Hà Đông,TP Hà Nội','Hà Đông','','Phố Ngô Gia Khảm'),(372,'Phố Ngô Gia Tự,Hà Đông,TP Hà Nội','Hà Đông','','Phố Ngô Gia Tự'),(373,'Phố Ngô Quyền,Hà Đông,TP Hà Nội','Hà Đông','','Phố Ngô Quyền'),(374,'Phố Ngô Thì Nhậm,Hà Đông,TP Hà Nội','Hà Đông','','Phố Ngô Thì Nhậm'),(375,'Phố Ngô Thì Sĩ,Hà Đông,TP Hà Nội','Hà Đông','','Phố Ngô Thì Sĩ'),(376,'Phố Nguyễn Công Trứ,Hà Đông,TP Hà Nội','Hà Đông','','Phố Nguyễn Công Trứ'),(377,'Phố Nguyễn Du,Hà Đông,TP Hà Nội','Hà Đông','','Phố Nguyễn Du'),(378,'Đường Nguyễn Khuyến,Hà Đông,TP Hà Nội','Hà Đông','','Đường Nguyễn Khuyến'),(379,'Phố Nguyễn Thái Học,Hà Đông,TP Hà Nội','Hà Đông','','Phố Nguyễn Thái Học'),(380,'Phố Nguyễn Thanh Bình,Hà Đông,TP Hà Nội','Hà Đông','','Phố Nguyễn Thanh Bình'),(381,'Phố Nguyễn Thị Minh Khai,Hà Đông,TP Hà Nội','Hà Đông','','Phố Nguyễn Thị Minh Khai'),(382,'Phố Nguyễn Thượng Hiền,Hà Đông,TP Hà Nội','Hà Đông','','Phố Nguyễn Thượng Hiền'),(383,'Phố Nguyễn Trác,Hà Đông,TP Hà Nội','Hà Đông','','Phố Nguyễn Trác'),(384,'Phố Nguyễn Trãi,Hà Đông,TP Hà Nội','Hà Đông','','Phố Nguyễn Trãi'),(385,'Đường Nguyễn Trực,Hà Đông,TP Hà Nội','Hà Đông','','Đường Nguyễn Trực'),(386,'Phố Nguyễn Văn Lộc,Hà Đông,TP Hà Nội','Hà Đông','','Phố Nguyễn Văn Lộc'),(387,'Phố Nguyễn Văn Trỗi,Hà Đông,TP Hà Nội','Hà Đông','','Phố Nguyễn Văn Trỗi'),(388,'Phố Nguyễn Viết Xuân,Hà Đông,TP Hà Nội','Hà Đông','','Phố Nguyễn Viết Xuân'),(389,'Phố Nhuệ Giang,Hà Đông,TP Hà Nội','Hà Đông','','Phố Nhuệ Giang'),(390,'Phố Phan Bội Châu,Hà Đông,TP Hà Nội','Hà Đông','','Phố Phan Bội Châu'),(391,'Phố Phan Chu Trinh,Hà Đông,TP Hà Nội','Hà Đông','','Phố Phan Chu Trinh'),(392,'Phố Phan Đình Giót,Hà Đông,TP Hà Nội','Hà Đông','','Phố Phan Đình Giót'),(393,'Phố Phan Đình Phùng,Hà Đông,TP Hà Nội','Hà Đông','','Phố Phan Đình Phùng'),(394,'Phố Phan Huy Chú,Hà Đông,TP Hà Nội','Hà Đông','','Phố Phan Huy Chú'),(395,'Phố Phú Lương,Hà Đông,TP Hà Nội','Hà Đông','','Phố Phú Lương'),(396,'Đường Phúc La,Hà Đông,TP Hà Nội','Hà Đông','','Đường Phúc La'),(397,'Đường Phùng Hưng,Hà Đông,TP Hà Nội','Hà Đông','','Đường Phùng Hưng'),(398,'Đường Quang Trung,Hà Đông,TP Hà Nội','Hà Đông','','Đường Quang Trung'),(399,'Phố Tản Đà,Hà Đông,TP Hà Nội','Hà Đông','','Phố Tản Đà'),(400,'Phố Tây Sơn,Hà Đông,TP Hà Nội','Hà Đông','','Phố Tây Sơn'),(401,'Phố Thanh Bình,Hà Đông,TP Hà Nội','Hà Đông','','Phố Thanh Bình'),(402,'Phố Thành Công,Hà Đông,TP Hà Nội','Hà Đông','','Phố Thành Công'),(403,'Phố Tiểu Công nghệ,Hà Đông,TP Hà Nội','Hà Đông','','Phố Tiểu Công nghệ'),(404,'Phố Tô Hiến Thành,Hà Đông,TP Hà Nội','Hà Đông','','Phố Tô Hiến Thành'),(405,'Phố Tô Hiệu,Hà Đông,TP Hà Nội','Hà Đông','','Phố Tô Hiệu'),(406,'Phố Tố Hữu,Hà Đông,TP Hà Nội','Hà Đông','','Phố Tố Hữu'),(407,'Phố Trần Đăng Ninh,Hà Đông,TP Hà Nội','Hà Đông','','Phố Trần Đăng Ninh'),(408,'Phố Trần Hưng Đạo,Hà Đông,TP Hà Nội','Hà Đông','','Phố Trần Hưng Đạo'),(409,'Phố Trần Nhật Duật,Hà Đông,TP Hà Nội','Hà Đông','','Phố Trần Nhật Duật'),(410,'Đường Trần Phú,Hà Đông,TP Hà Nội','Hà Đông','','Đường Trần Phú'),(411,'Phố Trần Văn Chuông,Hà Đông,TP Hà Nội','Hà Đông','','Phố Trần Văn Chuông'),(412,'Phố Trưng Nhị,Hà Đông,TP Hà Nội','Hà Đông','','Phố Trưng Nhị'),(413,'Phố Trưng Trắc,Hà Đông,TP Hà Nội','Hà Đông','','Phố Trưng Trắc'),(414,'Phố Trương Công Định,Hà Đông,TP Hà Nội','Hà Đông','','Phố Trương Công Định'),(415,'Phố Văn Khê,Hà Đông,TP Hà Nội','Hà Đông','','Phố Văn Khê'),(416,'Phố Văn La,Hà Đông,TP Hà Nội','Hà Đông','','Phố Văn La'),(417,'Phố Văn Phú,Hà Đông,TP Hà Nội','Hà Đông','','Phố Văn Phú'),(418,'Đường Vạn Phúc,Hà Đông,TP Hà Nội','Hà Đông','','Đường Vạn Phúc'),(419,'Phố Văn Quán,Hà Đông,TP Hà Nội','Hà Đông','','Phố Văn Quán'),(420,'Phố Văn Yên,Hà Đông,TP Hà Nội','Hà Đông','','Phố Văn Yên'),(421,'Phố Võ Thị Sáu,Hà Đông,TP Hà Nội','Hà Đông','','Phố Võ Thị Sáu'),(422,'Phố Vũ Trọng Khánh,Hà Đông,TP Hà Nội','Hà Đông','','Phố Vũ Trọng Khánh'),(423,'Phố Vũ Văn Cẩn,Hà Đông,TP Hà Nội','Hà Đông','','Phố Vũ Văn Cẩn'),(424,'Phố Xa La,Hà Đông,TP Hà Nội','Hà Đông','','Phố Xa La'),(425,'Phố Xốm,Hà Đông,TP Hà Nội','Hà Đông','','Phố Xốm'),(426,'Phố Ỷ La,Hà Đông,TP Hà Nội','Hà Đông','','Phố Ỷ La'),(427,'Phố Yên Bình,Hà Đông,TP Hà Nội','Hà Đông','','Phố Yên Bình'),(428,'Phố Yên Lộ,Hà Đông,TP Hà Nội','Hà Đông','','Phố Yên Lộ'),(429,'Phố Yên Phúc,Hà Đông,TP Hà Nội','Hà Đông','','Phố Yên Phúc'),(430,'Phố Yết Kiêu,Hà Đông,TP Hà Nội','Hà Đông','','Phố Yết Kiêu'),(431,'8-3,Hai Bà Trưng,TP Hà Nội','Hai Bà Trưng','','8-3'),(432,'Bà Triệu,Hai Bà Trưng,TP Hà Nội','Hai Bà Trưng','','Bà Triệu'),(433,'Bạch Đằng,Hai Bà Trưng,TP Hà Nội','Hai Bà Trưng','','Bạch Đằng'),(434,'Bạch Mai,Hai Bà Trưng,TP Hà Nội','Hai Bà Trưng','','Bạch Mai'),(435,'Bùi Ngọc Dương,Hai Bà Trưng,TP Hà Nội','Hai Bà Trưng','','Bùi Ngọc Dương'),(436,'Bùi Thị Xuân,Hai Bà Trưng,TP Hà Nội','Hai Bà Trưng','','Bùi Thị Xuân'),(437,'Cảm Hội,Hai Bà Trưng,TP Hà Nội','Hai Bà Trưng','','Cảm Hội'),(438,'Cao Đạt,Hai Bà Trưng,TP Hà Nội','Hai Bà Trưng','','Cao Đạt'),(439,'Chùa Quỳnh,Hai Bà Trưng,TP Hà Nội','Hai Bà Trưng','','Chùa Quỳnh'),(440,'Chùa Vua,Hai Bà Trưng,TP Hà Nội','Hai Bà Trưng','','Chùa Vua'),(441,'Đại Cồ Việt,Hai Bà Trưng,TP Hà Nội','Hai Bà Trưng','','Đại Cồ Việt'),(442,'Đại La,Hai Bà Trưng,TP Hà Nội','Hai Bà Trưng','','Đại La'),(443,'Đỗ Hành,Hai Bà Trưng,TP Hà Nội','Hai Bà Trưng','','Đỗ Hành'),(444,'Đỗ Ngọc Du,Hai Bà Trưng,TP Hà Nội','Hai Bà Trưng','','Đỗ Ngọc Du'),(445,'Đoàn Trần Nghiệp,Hai Bà Trưng,TP Hà Nội','Hai Bà Trưng','','Đoàn Trần Nghiệp'),(446,'Đội Cung,Hai Bà Trưng,TP Hà Nội','Hai Bà Trưng','','Đội Cung'),(447,'Đống Mác,Hai Bà Trưng,TP Hà Nội','Hai Bà Trưng','','Đống Mác'),(448,'Đồng Nhân,Hai Bà Trưng,TP Hà Nội','Hai Bà Trưng','','Đồng Nhân'),(449,'Dương Văn Bé,Hai Bà Trưng,TP Hà Nội','Hai Bà Trưng','','Dương Văn Bé'),(450,'Giải Phóng,Hai Bà Trưng,TP Hà Nội','Hai Bà Trưng','','Giải Phóng'),(451,'Hàn Thuyên,Hai Bà Trưng,TP Hà Nội','Hai Bà Trưng','','Hàn Thuyên'),(452,'Hàng Chuối,Hai Bà Trưng,TP Hà Nội','Hai Bà Trưng','','Hàng Chuối'),(453,'Hồ Xuân Hương,Hai Bà Trưng,TP Hà Nội','Hai Bà Trưng','','Hồ Xuân Hương'),(454,'Hoa Lư,Hai Bà Trưng,TP Hà Nội','Hai Bà Trưng','','Hoa Lư'),(455,'Hòa Mã,Hai Bà Trưng,TP Hà Nội','Hai Bà Trưng','','Hòa Mã'),(456,'Hoàng Mai,Hai Bà Trưng,TP Hà Nội','Hai Bà Trưng','','Hoàng Mai'),(457,'Hồng Mai,Hai Bà Trưng,TP Hà Nội','Hai Bà Trưng','','Hồng Mai'),(458,'Phố Huế,Hai Bà Trưng,TP Hà Nội','Hai Bà Trưng','','Phố Huế'),(459,'Hương Viên,Hai Bà Trưng,TP Hà Nội','Hai Bà Trưng','','Hương Viên'),(460,'Kim Ngưu,Hai Bà Trưng,TP Hà Nội','Hai Bà Trưng','','Kim Ngưu'),(461,'Lạc Nghiệp,Hai Bà Trưng,TP Hà Nội','Hai Bà Trưng','','Lạc Nghiệp'),(462,'Lạc Trung,Hai Bà Trưng,TP Hà Nội','Hai Bà Trưng','','Lạc Trung'),(463,'Lãng Yên,Hai Bà Trưng,TP Hà Nội','Hai Bà Trưng','','Lãng Yên'),(464,'Lê Đại Hành,Hai Bà Trưng,TP Hà Nội','Hai Bà Trưng','','Lê Đại Hành'),(465,'Lê Duẩn,Hai Bà Trưng,TP Hà Nội','Hai Bà Trưng','','Lê Duẩn'),(466,'Lê Gia Đỉnh,Hai Bà Trưng,TP Hà Nội','Hai Bà Trưng','','Lê Gia Đỉnh'),(467,'Lê Ngọc Hân,Hai Bà Trưng,TP Hà Nội','Hai Bà Trưng','','Lê Ngọc Hân'),(468,'Lê Quý Đôn,Hai Bà Trưng,TP Hà Nội','Hai Bà Trưng','','Lê Quý Đôn'),(469,'Lê Thanh Nghị,Hai Bà Trưng,TP Hà Nội','Hai Bà Trưng','','Lê Thanh Nghị'),(470,'Lê Văn Hưu,Hai Bà Trưng,TP Hà Nội','Hai Bà Trưng','','Lê Văn Hưu'),(471,'Lò Đúc,Hai Bà Trưng,TP Hà Nội','Hai Bà Trưng','','Lò Đúc'),(472,'Lương Yên,Hai Bà Trưng,TP Hà Nội','Hai Bà Trưng','','Lương Yên'),(473,'Mạc Thị Bưởi,Hai Bà Trưng,TP Hà Nội','Hai Bà Trưng','','Mạc Thị Bưởi'),(474,'Mai Hắc Đế,Hai Bà Trưng,TP Hà Nội','Hai Bà Trưng','','Mai Hắc Đế'),(475,'Minh Khai,Hai Bà Trưng,TP Hà Nội','Hai Bà Trưng','','Minh Khai'),(476,'Ngô Thì Nhậm,Hai Bà Trưng,TP Hà Nội','Hai Bà Trưng','','Ngô Thì Nhậm'),(477,'Nguyễn An Ninh,Hai Bà Trưng,TP Hà Nội','Hai Bà Trưng','','Nguyễn An Ninh'),(478,'Nguyễn Bỉnh Khiêm,Hai Bà Trưng,TP Hà Nội','Hai Bà Trưng','','Nguyễn Bỉnh Khiêm'),(479,'Nguyễn Cao,Hai Bà Trưng,TP Hà Nội','Hai Bà Trưng','','Nguyễn Cao'),(480,'Nguyễn Công Trứ,Hai Bà Trưng,TP Hà Nội','Hai Bà Trưng','','Nguyễn Công Trứ'),(481,'Nguyễn Đình Chiểu,Hai Bà Trưng,TP Hà Nội','Hai Bà Trưng','','Nguyễn Đình Chiểu'),(482,'Nguyễn Du,Hai Bà Trưng,TP Hà Nội','Hai Bà Trưng','','Nguyễn Du'),(483,'Nguyễn Hiền,Hai Bà Trưng,TP Hà Nội','Hai Bà Trưng','','Nguyễn Hiền'),(484,'Nguyễn Huy Tự,Hai Bà Trưng,TP Hà Nội','Hai Bà Trưng','','Nguyễn Huy Tự'),(485,'Nguyễn Khoái,Hai Bà Trưng,TP Hà Nội','Hai Bà Trưng','','Nguyễn Khoái'),(486,'Nguyễn Quyền,Hai Bà Trưng,TP Hà Nội','Hai Bà Trưng','','Nguyễn Quyền'),(487,'Nguyễn Thượng Hiền,Hai Bà Trưng,TP Hà Nội','Hai Bà Trưng','','Nguyễn Thượng Hiền'),(488,'Nguyễn Trung Ngạn,Hai Bà Trưng,TP Hà Nội','Hai Bà Trưng','','Nguyễn Trung Ngạn'),(489,'Phạm Đình Hổ,Hai Bà Trưng,TP Hà Nội','Hai Bà Trưng','','Phạm Đình Hổ'),(490,'Phù Đổng Thiên Vương,Hai Bà Trưng,TP Hà Nội','Hai Bà Trưng','','Phù Đổng Thiên Vương'),(491,'Phùng Khắc Khoan,Hai Bà Trưng,TP Hà Nội','Hai Bà Trưng','','Phùng Khắc Khoan'),(492,'Quang Trung,Hai Bà Trưng,TP Hà Nội','Hai Bà Trưng','','Quang Trung'),(493,'Quỳnh Lôi,Hai Bà Trưng,TP Hà Nội','Hai Bà Trưng','','Quỳnh Lôi'),(494,'Quỳnh Mai,Hai Bà Trưng,TP Hà Nội','Hai Bà Trưng','','Quỳnh Mai'),(495,'Tạ Quang Bửu,Hai Bà Trưng,TP Hà Nội','Hai Bà Trưng','','Tạ Quang Bửu'),(496,'Tam Trinh,Hai Bà Trưng,TP Hà Nội','Hai Bà Trưng','','Tam Trinh'),(497,'Tăng Bạt Hổ,Hai Bà Trưng,TP Hà Nội','Hai Bà Trưng','','Tăng Bạt Hổ'),(498,'Tây Kết,Hai Bà Trưng,TP Hà Nội','Hai Bà Trưng','','Tây Kết'),(499,'Thái Phiên,Hai Bà Trưng,TP Hà Nội','Hai Bà Trưng','','Thái Phiên'),(500,'Thanh Nhàn,Hai Bà Trưng,TP Hà Nội','Hai Bà Trưng','','Thanh Nhàn'),(501,'Thể Giao,Hai Bà Trưng,TP Hà Nội','Hai Bà Trưng','','Thể Giao'),(502,'Thi Sách,Hai Bà Trưng,TP Hà Nội','Hai Bà Trưng','','Thi Sách'),(503,'Thiền Quang,Hai Bà Trưng,TP Hà Nội','Hai Bà Trưng','','Thiền Quang'),(504,'Thịnh Yên,Hai Bà Trưng,TP Hà Nội','Hai Bà Trưng','','Thịnh Yên'),(505,'Thọ Lão,Hai Bà Trưng,TP Hà Nội','Hai Bà Trưng','','Thọ Lão'),(506,'Tô Hiến Thành,Hai Bà Trưng,TP Hà Nội','Hai Bà Trưng','','Tô Hiến Thành'),(507,'Trần Bình Trọng,Hai Bà Trưng,TP Hà Nội','Hai Bà Trưng','','Trần Bình Trọng'),(508,'Trần Cao Vân,Hai Bà Trưng,TP Hà Nội','Hai Bà Trưng','','Trần Cao Vân'),(509,'Trần Đại Nghĩa,Hai Bà Trưng,TP Hà Nội','Hai Bà Trưng','','Trần Đại Nghĩa'),(510,'Trần Hưng Đạo,Hai Bà Trưng,TP Hà Nội','Hai Bà Trưng','','Trần Hưng Đạo'),(511,'Trần Khánh Dư,Hai Bà Trưng,TP Hà Nội','Hai Bà Trưng','','Trần Khánh Dư'),(512,'Trần Khát Chân,Hai Bà Trưng,TP Hà Nội','Hai Bà Trưng','','Trần Khát Chân'),(513,'Trần Nhân Tông,Hai Bà Trưng,TP Hà Nội','Hai Bà Trưng','','Trần Nhân Tông'),(514,'Trần Thánh Tông,Hai Bà Trưng,TP Hà Nội','Hai Bà Trưng','','Trần Thánh Tông'),(515,'Trần Xuân Soạn,Hai Bà Trưng,TP Hà Nội','Hai Bà Trưng','','Trần Xuân Soạn'),(516,'Triệu Việt Vương,Hai Bà Trưng,TP Hà Nội','Hai Bà Trưng','','Triệu Việt Vương'),(517,'Trương Định,Hai Bà Trưng,TP Hà Nội','Hai Bà Trưng','','Trương Định'),(518,'Tuệ Tĩnh,Hai Bà Trưng,TP Hà Nội','Hai Bà Trưng','','Tuệ Tĩnh'),(519,'Tương Mai,Hai Bà Trưng,TP Hà Nội','Hai Bà Trưng','','Tương Mai'),(520,'Vân Đồn,Hai Bà Trưng,TP Hà Nội','Hai Bà Trưng','','Vân Đồn'),(521,'Vạn Kiếp,Hai Bà Trưng,TP Hà Nội','Hai Bà Trưng','','Vạn Kiếp'),(522,'Vĩnh Tuy,Hai Bà Trưng,TP Hà Nội','Hai Bà Trưng','','Vĩnh Tuy'),(523,'Võ Thị Sáu,Hai Bà Trưng,TP Hà Nội','Hai Bà Trưng','','Võ Thị Sáu'),(524,'Vọng,Hai Bà Trưng,TP Hà Nội','Hai Bà Trưng','','Vọng'),(525,'Vũ Hữu Lợi,Hai Bà Trưng,TP Hà Nội','Hai Bà Trưng','','Vũ Hữu Lợi'),(526,'Yên Bái,Hai Bà Trưng,TP Hà Nội','Hai Bà Trưng','','Yên Bái'),(527,'Yên Lạc,Hai Bà Trưng,TP Hà Nội','Hai Bà Trưng','','Yên Lạc'),(528,'Yersin,Hai Bà Trưng,TP Hà Nội','Hai Bà Trưng','','Yersin'),(529,'Yết Kiêu,Hai Bà Trưng,TP Hà Nội','Hai Bà Trưng','','Yết Kiêu'),(530,'19-12,Hoàn Kiếm,TP Hà Nội','Hoàn Kiếm','','19-12'),(531,'Ấu Triệu,Hoàn Kiếm,TP Hà Nội','Hoàn Kiếm','','Ấu Triệu'),(532,'Bà Triệu,Hoàn Kiếm,TP Hà Nội','Hoàn Kiếm','','Bà Triệu'),(533,'Bạch Đằng,Hoàn Kiếm,TP Hà Nội','Hoàn Kiếm','','Bạch Đằng'),(534,'Bảo Khánh,Hoàn Kiếm,TP Hà Nội','Hoàn Kiếm','','Bảo Khánh'),(535,'Bảo Linh,Hoàn Kiếm,TP Hà Nội','Hoàn Kiếm','','Bảo Linh'),(536,'Bát Đàn,Hoàn Kiếm,TP Hà Nội','Hoàn Kiếm','','Bát Đàn'),(537,'Bát Sứ,Hoàn Kiếm,TP Hà Nội','Hoàn Kiếm','','Bát Sứ'),(538,'Cao Thắng,Hoàn Kiếm,TP Hà Nội','Hoàn Kiếm','','Cao Thắng'),(539,'Cầu Đất,Hoàn Kiếm,TP Hà Nội','Hoàn Kiếm','','Cầu Đất'),(540,'Cầu Đông,Hoàn Kiếm,TP Hà Nội','Hoàn Kiếm','','Cầu Đông'),(541,'Cầu Gỗ,Hoàn Kiếm,TP Hà Nội','Hoàn Kiếm','','Cầu Gỗ'),(542,'Chả Cá,Hoàn Kiếm,TP Hà Nội','Hoàn Kiếm','','Chả Cá'),(543,'Chân Cầm,Hoàn Kiếm,TP Hà Nội','Hoàn Kiếm','','Chân Cầm'),(544,'Chợ Gạo,Hoàn Kiếm,TP Hà Nội','Hoàn Kiếm','','Chợ Gạo'),(545,'Chương Dương Độ,Hoàn Kiếm,TP Hà Nội','Hoàn Kiếm','','Chương Dương Độ'),(546,'Cổ Tân,Hoàn Kiếm,TP Hà Nội','Hoàn Kiếm','','Cổ Tân'),(547,'Cổng Đục,Hoàn Kiếm,TP Hà Nội','Hoàn Kiếm','','Cổng Đục'),(548,'Cửa Đông,Hoàn Kiếm,TP Hà Nội','Hoàn Kiếm','','Cửa Đông'),(549,'Cửa Nam,Hoàn Kiếm,TP Hà Nội','Hoàn Kiếm','','Cửa Nam'),(550,'Dã Tượng,Hoàn Kiếm,TP Hà Nội','Hoàn Kiếm','','Dã Tượng'),(551,'Đặng Thái Thân,Hoàn Kiếm,TP Hà Nội','Hoàn Kiếm','','Đặng Thái Thân'),(552,'Đào Duy Từ,Hoàn Kiếm,TP Hà Nội','Hoàn Kiếm','','Đào Duy Từ'),(553,'Điện Biên Phủ,Hoàn Kiếm,TP Hà Nội','Hoàn Kiếm','','Điện Biên Phủ'),(554,'Đinh Công Tráng,Hoàn Kiếm,TP Hà Nội','Hoàn Kiếm','','Đinh Công Tráng'),(555,'Đinh Lễ,Hoàn Kiếm,TP Hà Nội','Hoàn Kiếm','','Đinh Lễ'),(556,'Đinh Liệt,Hoàn Kiếm,TP Hà Nội','Hoàn Kiếm','','Đinh Liệt'),(557,'Đình Ngang,Hoàn Kiếm,TP Hà Nội','Hoàn Kiếm','','Đình Ngang'),(558,'Đinh Tiên Hoàng,Hoàn Kiếm,TP Hà Nội','Hoàn Kiếm','','Đinh Tiên Hoàng'),(559,'Đoàn Nhữ Hài,Hoàn Kiếm,TP Hà Nội','Hoàn Kiếm','','Đoàn Nhữ Hài'),(560,'Đông Thái,Hoàn Kiếm,TP Hà Nội','Hoàn Kiếm','','Đông Thái'),(561,'Đồng Xuân,Hoàn Kiếm,TP Hà Nội','Hoàn Kiếm','','Đồng Xuân'),(562,'Đường Thành,Hoàn Kiếm,TP Hà Nội','Hoàn Kiếm','','Đường Thành'),(563,'Gầm Cầu,Hoàn Kiếm,TP Hà Nội','Hoàn Kiếm','','Gầm Cầu'),(564,'Gia Ngư,Hoàn Kiếm,TP Hà Nội','Hoàn Kiếm','','Gia Ngư'),(565,'Hà Trung,Hoàn Kiếm,TP Hà Nội','Hoàn Kiếm','','Hà Trung'),(566,'Hai Bà Trưng,Hoàn Kiếm,TP Hà Nội','Hoàn Kiếm','','Hai Bà Trưng'),(567,'Hàm Long,Hoàn Kiếm,TP Hà Nội','Hoàn Kiếm','','Hàm Long'),(568,'Hàm Tử Quan,Hoàn Kiếm,TP Hà Nội','Hoàn Kiếm','','Hàm Tử Quan'),(569,'Hàn Thuyên,Hoàn Kiếm,TP Hà Nội','Hoàn Kiếm','','Hàn Thuyên'),(570,'Hàng Bạc,Hoàn Kiếm,TP Hà Nội','Hoàn Kiếm','','Hàng Bạc'),(571,'Hàng Bài,Hoàn Kiếm,TP Hà Nội','Hoàn Kiếm','','Hàng Bài'),(572,'Hàng Bè,Hoàn Kiếm,TP Hà Nội','Hoàn Kiếm','','Hàng Bè'),(573,'Hàng Bồ,Hoàn Kiếm,TP Hà Nội','Hoàn Kiếm','','Hàng Bồ'),(574,'Hàng Bông,Hoàn Kiếm,TP Hà Nội','Hoàn Kiếm','','Hàng Bông'),(575,'Hàng Buồm,Hoàn Kiếm,TP Hà Nội','Hoàn Kiếm','','Hàng Buồm'),(576,'Hàng Bút,Hoàn Kiếm,TP Hà Nội','Hoàn Kiếm','','Hàng Bút'),(577,'Hàng Cá,Hoàn Kiếm,TP Hà Nội','Hoàn Kiếm','','Hàng Cá'),(578,'Hàng Cân,Hoàn Kiếm,TP Hà Nội','Hoàn Kiếm','','Hàng Cân'),(579,'Hàng Chai,Hoàn Kiếm,TP Hà Nội','Hoàn Kiếm','','Hàng Chai'),(580,'Hàng Chiếu,Hoàn Kiếm,TP Hà Nội','Hoàn Kiếm','','Hàng Chiếu'),(581,'Hàng Chĩnh,Hoàn Kiếm,TP Hà Nội','Hoàn Kiếm','','Hàng Chĩnh'),(582,'Hàng Cót,Hoàn Kiếm,TP Hà Nội','Hoàn Kiếm','','Hàng Cót'),(583,'Hàng Da,Hoàn Kiếm,TP Hà Nội','Hoàn Kiếm','','Hàng Da'),(584,'Hàng Đào,Hoàn Kiếm,TP Hà Nội','Hoàn Kiếm','','Hàng Đào'),(585,'Hàng Đậu,Hoàn Kiếm,TP Hà Nội','Hoàn Kiếm','','Hàng Đậu'),(586,'Hàng Điếu,Hoàn Kiếm,TP Hà Nội','Hoàn Kiếm','','Hàng Điếu'),(587,'Hàng Đồng,Hoàn Kiếm,TP Hà Nội','Hoàn Kiếm','','Hàng Đồng'),(588,'Hàng Đường,Hoàn Kiếm,TP Hà Nội','Hoàn Kiếm','','Hàng Đường'),(589,'Hàng Gà,Hoàn Kiếm,TP Hà Nội','Hoàn Kiếm','','Hàng Gà'),(590,'Hàng Gai,Hoàn Kiếm,TP Hà Nội','Hoàn Kiếm','','Hàng Gai'),(591,'Hàng Giầy,Hoàn Kiếm,TP Hà Nội','Hoàn Kiếm','','Hàng Giầy'),(592,'Hàng Giấy,Hoàn Kiếm,TP Hà Nội','Hoàn Kiếm','','Hàng Giấy'),(593,'Hàng Hòm,Hoàn Kiếm,TP Hà Nội','Hoàn Kiếm','','Hàng Hòm'),(594,'Hàng Khay,Hoàn Kiếm,TP Hà Nội','Hoàn Kiếm','','Hàng Khay'),(595,'Hàng Khoai,Hoàn Kiếm,TP Hà Nội','Hoàn Kiếm','','Hàng Khoai'),(596,'Hàng Lược,Hoàn Kiếm,TP Hà Nội','Hoàn Kiếm','','Hàng Lược'),(597,'Hàng Mã,Hoàn Kiếm,TP Hà Nội','Hoàn Kiếm','','Hàng Mã'),(598,'Hàng Mắm,Hoàn Kiếm,TP Hà Nội','Hoàn Kiếm','','Hàng Mắm'),(599,'Hàng Mành,Hoàn Kiếm,TP Hà Nội','Hoàn Kiếm','','Hàng Mành'),(600,'Hàng Muối,Hoàn Kiếm,TP Hà Nội','Hoàn Kiếm','','Hàng Muối'),(601,'Hàng Ngang,Hoàn Kiếm,TP Hà Nội','Hoàn Kiếm','','Hàng Ngang'),(602,'Hàng Nón,Hoàn Kiếm,TP Hà Nội','Hoàn Kiếm','','Hàng Nón'),(603,'Hàng Quạt,Hoàn Kiếm,TP Hà Nội','Hoàn Kiếm','','Hàng Quạt'),(604,'Hàng Rươi,Hoàn Kiếm,TP Hà Nội','Hoàn Kiếm','','Hàng Rươi'),(605,'Hàng Thiếc,Hoàn Kiếm,TP Hà Nội','Hoàn Kiếm','','Hàng Thiếc'),(606,'Hàng Thùng,Hoàn Kiếm,TP Hà Nội','Hoàn Kiếm','','Hàng Thùng'),(607,'Hàng Tre,Hoàn Kiếm,TP Hà Nội','Hoàn Kiếm','','Hàng Tre'),(608,'Hàng Trống,Hoàn Kiếm,TP Hà Nội','Hoàn Kiếm','','Hàng Trống'),(609,'Hàng Vải,Hoàn Kiếm,TP Hà Nội','Hoàn Kiếm','','Hàng Vải'),(610,'Hàng Vôi,Hoàn Kiếm,TP Hà Nội','Hoàn Kiếm','','Hàng Vôi'),(611,'Hồ Hoàn Kiếm,Hoàn Kiếm,TP Hà Nội','Hoàn Kiếm','','Hồ Hoàn Kiếm'),(612,'Hỏa Lò,Hoàn Kiếm,TP Hà Nội','Hoàn Kiếm','','Hỏa Lò'),(613,'Hồng Hà,Hoàn Kiếm,TP Hà Nội','Hoàn Kiếm','','Hồng Hà'),(614,'Phố Huế,Hoàn Kiếm,TP Hà Nội','Hoàn Kiếm','','Phố Huế'),(615,'Lãn Ông,Hoàn Kiếm,TP Hà Nội','Hoàn Kiếm','','Lãn Ông'),(616,'Lê Duẩn,Hoàn Kiếm,TP Hà Nội','Hoàn Kiếm','','Lê Duẩn'),(617,'Lê Lai,Hoàn Kiếm,TP Hà Nội','Hoàn Kiếm','','Lê Lai'),(618,'Lê Phụng Hiểu,Hoàn Kiếm,TP Hà Nội','Hoàn Kiếm','','Lê Phụng Hiểu'),(619,'Lê Thạch,Hoàn Kiếm,TP Hà Nội','Hoàn Kiếm','','Lê Thạch'),(620,'Lê Thái Tổ,Hoàn Kiếm,TP Hà Nội','Hoàn Kiếm','','Lê Thái Tổ'),(621,'Lê Thánh Tông,Hoàn Kiếm,TP Hà Nội','Hoàn Kiếm','','Lê Thánh Tông'),(622,'Lê Văn Hưu,Hoàn Kiếm,TP Hà Nội','Hoàn Kiếm','','Lê Văn Hưu'),(623,'Lê Văn Linh,Hoàn Kiếm,TP Hà Nội','Hoàn Kiếm','','Lê Văn Linh'),(624,'Liên Trì,Hoàn Kiếm,TP Hà Nội','Hoàn Kiếm','','Liên Trì'),(625,'Lò Rèn,Hoàn Kiếm,TP Hà Nội','Hoàn Kiếm','','Lò Rèn'),(626,'Lò Sũ[5],Hoàn Kiếm,TP Hà Nội','Hoàn Kiếm','','Lò Sũ[5]'),(627,'Lương Ngọc Quyến,Hoàn Kiếm,TP Hà Nội','Hoàn Kiếm','','Lương Ngọc Quyến'),(628,'Lương Văn Can,Hoàn Kiếm,TP Hà Nội','Hoàn Kiếm','','Lương Văn Can'),(629,'Lý Đạo Thành,Hoàn Kiếm,TP Hà Nội','Hoàn Kiếm','','Lý Đạo Thành'),(630,'Lý Nam Đế,Hoàn Kiếm,TP Hà Nội','Hoàn Kiếm','','Lý Nam Đế'),(631,'Lý Quốc Sư,Hoàn Kiếm,TP Hà Nội','Hoàn Kiếm','','Lý Quốc Sư'),(632,'Lý Thái Tổ,Hoàn Kiếm,TP Hà Nội','Hoàn Kiếm','','Lý Thái Tổ'),(633,'Lý Thường Kiệt,Hoàn Kiếm,TP Hà Nội','Hoàn Kiếm','','Lý Thường Kiệt'),(634,'Mã Mây,Hoàn Kiếm,TP Hà Nội','Hoàn Kiếm','','Mã Mây'),(635,'Nam Ngư,Hoàn Kiếm,TP Hà Nội','Hoàn Kiếm','','Nam Ngư'),(636,'Ngõ Gạch,Hoàn Kiếm,TP Hà Nội','Hoàn Kiếm','','Ngõ Gạch'),(637,'Ngô Quyền,Hoàn Kiếm,TP Hà Nội','Hoàn Kiếm','','Ngô Quyền'),(638,'Ngô Thì Nhậm,Hoàn Kiếm,TP Hà Nội','Hoàn Kiếm','','Ngô Thì Nhậm'),(639,'Ngõ Trạm,Hoàn Kiếm,TP Hà Nội','Hoàn Kiếm','','Ngõ Trạm'),(640,'Ngô Văn Sở,Hoàn Kiếm,TP Hà Nội','Hoàn Kiếm','','Ngô Văn Sở'),(641,'Nguyễn Chế Nghĩa,Hoàn Kiếm,TP Hà Nội','Hoàn Kiếm','','Nguyễn Chế Nghĩa'),(642,'Nguyễn Du,Hoàn Kiếm,TP Hà Nội','Hoàn Kiếm','','Nguyễn Du'),(643,'Nguyễn Gia Thiều,Hoàn Kiếm,TP Hà Nội','Hoàn Kiếm','','Nguyễn Gia Thiều'),(644,'Nguyễn Hữu Huân,Hoàn Kiếm,TP Hà Nội','Hoàn Kiếm','','Nguyễn Hữu Huân'),(645,'Nguyễn Khắc Cần,Hoàn Kiếm,TP Hà Nội','Hoàn Kiếm','','Nguyễn Khắc Cần'),(646,'Nguyên Khiết,Hoàn Kiếm,TP Hà Nội','Hoàn Kiếm','','Nguyên Khiết'),(647,'Nguyễn Quang Bích,Hoàn Kiếm,TP Hà Nội','Hoàn Kiếm','','Nguyễn Quang Bích'),(648,'Nguyễn Siêu,Hoàn Kiếm,TP Hà Nội','Hoàn Kiếm','','Nguyễn Siêu'),(649,'Nguyễn Thái Học,Hoàn Kiếm,TP Hà Nội','Hoàn Kiếm','','Nguyễn Thái Học'),(650,'Nguyễn Thiện Thuật,Hoàn Kiếm,TP Hà Nội','Hoàn Kiếm','','Nguyễn Thiện Thuật'),(651,'Nguyễn Thiếp,Hoàn Kiếm,TP Hà Nội','Hoàn Kiếm','','Nguyễn Thiếp'),(652,'Nguyễn Tư Giản,Hoàn Kiếm,TP Hà Nội','Hoàn Kiếm','','Nguyễn Tư Giản'),(653,'Nguyễn Văn Tố,Hoàn Kiếm,TP Hà Nội','Hoàn Kiếm','','Nguyễn Văn Tố'),(654,'Nguyễn Xí,Hoàn Kiếm,TP Hà Nội','Hoàn Kiếm','','Nguyễn Xí'),(655,'Nhà Chung,Hoàn Kiếm,TP Hà Nội','Hoàn Kiếm','','Nhà Chung'),(656,'Nhà Hỏa,Hoàn Kiếm,TP Hà Nội','Hoàn Kiếm','','Nhà Hỏa'),(657,'Nhà thờ,Hoàn Kiếm,TP Hà Nội','Hoàn Kiếm','','Nhà thờ'),(658,'Ô Quan Chưởng,Hoàn Kiếm,TP Hà Nội','Hoàn Kiếm','','Ô Quan Chưởng'),(659,'Phạm Ngũ Lão,Hoàn Kiếm,TP Hà Nội','Hoàn Kiếm','','Phạm Ngũ Lão'),(660,'Phạm Sư Mạnh,Hoàn Kiếm,TP Hà Nội','Hoàn Kiếm','','Phạm Sư Mạnh'),(661,'Phan Bội Châu,Hoàn Kiếm,TP Hà Nội','Hoàn Kiếm','','Phan Bội Châu'),(662,'Phan Chu Trinh,Hoàn Kiếm,TP Hà Nội','Hoàn Kiếm','','Phan Chu Trinh'),(663,'Phan Đình Phùng,Hoàn Kiếm,TP Hà Nội','Hoàn Kiếm','','Phan Đình Phùng'),(664,'Phan Huy Chú,Hoàn Kiếm,TP Hà Nội','Hoàn Kiếm','','Phan Huy Chú'),(665,'Phủ Doãn,Hoàn Kiếm,TP Hà Nội','Hoàn Kiếm','','Phủ Doãn'),(666,'Phúc Tân,Hoàn Kiếm,TP Hà Nội','Hoàn Kiếm','','Phúc Tân'),(667,'Phùng Hưng,Hoàn Kiếm,TP Hà Nội','Hoàn Kiếm','','Phùng Hưng'),(668,'Quán Sứ,Hoàn Kiếm,TP Hà Nội','Hoàn Kiếm','','Quán Sứ'),(669,'Quang Trung,Hoàn Kiếm,TP Hà Nội','Hoàn Kiếm','','Quang Trung'),(670,'Tạ Hiện,Hoàn Kiếm,TP Hà Nội','Hoàn Kiếm','','Tạ Hiện'),(671,'Thanh Hà,Hoàn Kiếm,TP Hà Nội','Hoàn Kiếm','','Thanh Hà'),(672,'Thanh Yên,Hoàn Kiếm,TP Hà Nội','Hoàn Kiếm','','Thanh Yên'),(673,'Thợ Nhuộm,Hoàn Kiếm,TP Hà Nội','Hoàn Kiếm','','Thợ Nhuộm'),(674,'Thuốc Bắc,Hoàn Kiếm,TP Hà Nội','Hoàn Kiếm','','Thuốc Bắc'),(675,'Tô Tịch,Hoàn Kiếm,TP Hà Nội','Hoàn Kiếm','','Tô Tịch'),(676,'Tôn Thất Thiệp,Hoàn Kiếm,TP Hà Nội','Hoàn Kiếm','','Tôn Thất Thiệp'),(677,'Tông Đản,Hoàn Kiếm,TP Hà Nội','Hoàn Kiếm','','Tông Đản'),(678,'Tống Duy Tân,Hoàn Kiếm,TP Hà Nội','Hoàn Kiếm','','Tống Duy Tân'),(679,'Trần Bình Trọng,Hoàn Kiếm,TP Hà Nội','Hoàn Kiếm','','Trần Bình Trọng'),(680,'Trần Hưng Đạo,Hoàn Kiếm,TP Hà Nội','Hoàn Kiếm','','Trần Hưng Đạo'),(681,'Trần Khánh Dư,Hoàn Kiếm,TP Hà Nội','Hoàn Kiếm','','Trần Khánh Dư'),(682,'Trần Nguyên Hãn,Hoàn Kiếm,TP Hà Nội','Hoàn Kiếm','','Trần Nguyên Hãn'),(683,'Trần Nhật Duật,Hoàn Kiếm,TP Hà Nội','Hoàn Kiếm','','Trần Nhật Duật'),(684,'Trần Phú,Hoàn Kiếm,TP Hà Nội','Hoàn Kiếm','','Trần Phú'),(685,'Trần Quang Khải,Hoàn Kiếm,TP Hà Nội','Hoàn Kiếm','','Trần Quang Khải'),(686,'Trần Quốc Toản,Hoàn Kiếm,TP Hà Nội','Hoàn Kiếm','','Trần Quốc Toản'),(687,'Tràng Thi,Hoàn Kiếm,TP Hà Nội','Hoàn Kiếm','','Tràng Thi'),(688,'Tràng Tiền,Hoàn Kiếm,TP Hà Nội','Hoàn Kiếm','','Tràng Tiền'),(689,'Triệu Quốc Đạt,Hoàn Kiếm,TP Hà Nội','Hoàn Kiếm','','Triệu Quốc Đạt'),(690,'Trương Hán Siêu,Hoàn Kiếm,TP Hà Nội','Hoàn Kiếm','','Trương Hán Siêu'),(691,'Vạn Kiếp,Hoàn Kiếm,TP Hà Nội','Hoàn Kiếm','','Vạn Kiếp'),(692,'Vọng Đức,Hoàn Kiếm,TP Hà Nội','Hoàn Kiếm','','Vọng Đức'),(693,'Vọng Hà,Hoàn Kiếm,TP Hà Nội','Hoàn Kiếm','','Vọng Hà'),(694,'Yết Kiêu,Hoàn Kiếm,TP Hà Nội','Hoàn Kiếm','','Yết Kiêu'),(695,'Bằng B,Hoàng Mai,TP Hà Nội','Hoàng Mai','','Bằng B'),(696,'Bùi Huy Bích,Hoàng Mai,TP Hà Nội','Hoàng Mai','','Bùi Huy Bích'),(697,'Bùi Xương Trạch,Hoàng Mai,TP Hà Nội','Hoàng Mai','','Bùi Xương Trạch'),(698,'Đại Từ,Hoàng Mai,TP Hà Nội','Hoàng Mai','','Đại Từ'),(699,'Đặng Xuân Bảng,Hoàng Mai,TP Hà Nội','Hoàng Mai','','Đặng Xuân Bảng'),(700,'Định Công,Hoàng Mai,TP Hà Nội','Hoàng Mai','','Định Công'),(701,'Định Công Hạ,Hoàng Mai,TP Hà Nội','Hoàng Mai','','Định Công Hạ'),(702,'Định Công Thượng,Hoàng Mai,TP Hà Nội','Hoàng Mai','','Định Công Thượng'),(703,'Đông Thiên,Hoàng Mai,TP Hà Nội','Hoàng Mai','','Đông Thiên'),(704,'Dương Văn Bé,Hoàng Mai,TP Hà Nội','Hoàng Mai','','Dương Văn Bé'),(705,'Giải Phóng,Hoàng Mai,TP Hà Nội','Hoàng Mai','','Giải Phóng'),(706,'Giáp Bát,Hoàng Mai,TP Hà Nội','Hoàng Mai','','Giáp Bát'),(707,'Giáp Nhị,Hoàng Mai,TP Hà Nội','Hoàng Mai','','Giáp Nhị'),(708,'Hoàng Liệt,Hoàng Mai,TP Hà Nội','Hoàng Mai','','Hoàng Liệt'),(709,'Hoàng Mai,Hoàng Mai,TP Hà Nội','Hoàng Mai','','Hoàng Mai'),(710,'Hồng Quang,Hoàng Mai,TP Hà Nội','Hoàng Mai','','Hồng Quang'),(711,'Hưng Phúc,Hoàng Mai,TP Hà Nội','Hoàng Mai','','Hưng Phúc'),(712,'Hưng Thịnh,Hoàng Mai,TP Hà Nội','Hoàng Mai','','Hưng Thịnh'),(713,'Khuyến Lương,Hoàng Mai,TP Hà Nội','Hoàng Mai','','Khuyến Lương'),(714,'Kim Đồng,Hoàng Mai,TP Hà Nội','Hoàng Mai','','Kim Đồng'),(715,'Kim Giang,Hoàng Mai,TP Hà Nội','Hoàng Mai','','Kim Giang'),(716,'Linh Đàm,Hoàng Mai,TP Hà Nội','Hoàng Mai','','Linh Đàm'),(717,'Linh Đường,Hoàng Mai,TP Hà Nội','Hoàng Mai','','Linh Đường'),(718,'Lĩnh Nam,Hoàng Mai,TP Hà Nội','Hoàng Mai','','Lĩnh Nam'),(719,'Lương Khánh Thiện,Hoàng Mai,TP Hà Nội','Hoàng Mai','','Lương Khánh Thiện'),(720,'Mai Động,Hoàng Mai,TP Hà Nội','Hoàng Mai','','Mai Động'),(721,'Nam Dư,Hoàng Mai,TP Hà Nội','Hoàng Mai','','Nam Dư'),(722,'Nghiêm Xuân Yêm,Hoàng Mai,TP Hà Nội','Hoàng Mai','','Nghiêm Xuân Yêm'),(723,'Ngọc Hồi,Hoàng Mai,TP Hà Nội','Hoàng Mai','','Ngọc Hồi'),(724,'Ngũ Nhạc,Hoàng Mai,TP Hà Nội','Hoàng Mai','','Ngũ Nhạc'),(725,'Nguyễn An Ninh,Hoàng Mai,TP Hà Nội','Hoàng Mai','','Nguyễn An Ninh'),(726,'Nguyễn Cảnh Dị,Hoàng Mai,TP Hà Nội','Hoàng Mai','','Nguyễn Cảnh Dị'),(727,'Nguyễn Chính,Hoàng Mai,TP Hà Nội','Hoàng Mai','','Nguyễn Chính'),(728,'Nguyễn Công Thái,Hoàng Mai,TP Hà Nội','Hoàng Mai','','Nguyễn Công Thái'),(729,'Nguyễn Đức Cảnh,Hoàng Mai,TP Hà Nội','Hoàng Mai','','Nguyễn Đức Cảnh'),(730,'Nguyễn Duy Trinh,Hoàng Mai,TP Hà Nội','Hoàng Mai','','Nguyễn Duy Trinh'),(731,'Nguyễn Hữu Thọ,Hoàng Mai,TP Hà Nội','Hoàng Mai','','Nguyễn Hữu Thọ'),(732,'Nguyễn Khoái,Hoàng Mai,TP Hà Nội','Hoàng Mai','','Nguyễn Khoái'),(733,'Nguyễn Xiển,Hoàng Mai,TP Hà Nội','Hoàng Mai','','Nguyễn Xiển'),(734,'Sở Thượng,Hoàng Mai,TP Hà Nội','Hoàng Mai','','Sở Thượng'),(735,'Tam Trinh,Hoàng Mai,TP Hà Nội','Hoàng Mai','','Tam Trinh'),(736,'Tân Khai tựu liệt,Hoàng Mai,TP Hà Nội','Hoàng Mai','','Tân Khai tựu liệt'),(737,'Tân Mai,Hoàng Mai,TP Hà Nội','Hoàng Mai','','Tân Mai'),(738,'Tây Trà,Hoàng Mai,TP Hà Nội','Hoàng Mai','','Tây Trà'),(739,'Thanh Đàm,Hoàng Mai,TP Hà Nội','Hoàng Mai','','Thanh Đàm'),(740,'Thanh Lân,Hoàng Mai,TP Hà Nội','Hoàng Mai','','Thanh Lân'),(741,'Thịnh Liệt,Hoàng Mai,TP Hà Nội','Hoàng Mai','','Thịnh Liệt'),(742,'Thúy Lĩnh,Hoàng Mai,TP Hà Nội','Hoàng Mai','','Thúy Lĩnh'),(743,'Trần Điền,Hoàng Mai,TP Hà Nội','Hoàng Mai','','Trần Điền'),(744,'Trần Hòa,Hoàng Mai,TP Hà Nội','Hoàng Mai','','Trần Hòa'),(745,'Trần Nguyên Đán,Hoàng Mai,TP Hà Nội','Hoàng Mai','','Trần Nguyên Đán'),(746,'Trần Thủ Độ,Hoàng Mai,TP Hà Nội','Hoàng Mai','','Trần Thủ Độ'),(747,'Trịnh Đình Cửu,Hoàng Mai,TP Hà Nội','Hoàng Mai','','Trịnh Đình Cửu'),(748,'Trương Định,Hoàng Mai,TP Hà Nội','Hoàng Mai','','Trương Định'),(749,'Tương Mai,Hoàng Mai,TP Hà Nội','Hoàng Mai','','Tương Mai'),(750,'Vĩnh Hưng,Hoàng Mai,TP Hà Nội','Hoàng Mai','','Vĩnh Hưng'),(751,'Vũ Tông Phan,Hoàng Mai,TP Hà Nội','Hoàng Mai','','Vũ Tông Phan'),(752,'Yên Duyên,Hoàng Mai,TP Hà Nội','Hoàng Mai','','Yên Duyên'),(753,'Yên Sở,Hoàng Mai,TP Hà Nội','Hoàng Mai','','Yên Sở'),(754,'Ái Mộ,Long Biên,TP Hà Nội','Long Biên','','Ái Mộ'),(755,'Bắc Cầu,Long Biên,TP Hà Nội','Long Biên','','Bắc Cầu'),(756,'Bát Khối,Long Biên,TP Hà Nội','Long Biên','','Bát Khối'),(757,'Bồ Đề,Long Biên,TP Hà Nội','Long Biên','','Bồ Đề'),(758,'Bùi Thiện Ngộ,Long Biên,TP Hà Nội','Long Biên','','Bùi Thiện Ngộ'),(759,'Cầu Bây,Long Biên,TP Hà Nội','Long Biên','','Cầu Bây'),(760,'Chu Huy Mân,Long Biên,TP Hà Nội','Long Biên','','Chu Huy Mân'),(761,'Cổ Linh,Long Biên,TP Hà Nội','Long Biên','','Cổ Linh'),(762,'Đàm Quang Trung,Long Biên,TP Hà Nội','Long Biên','','Đàm Quang Trung'),(763,'Đặng Vũ Hỷ,Long Biên,TP Hà Nội','Long Biên','','Đặng Vũ Hỷ'),(764,'Đào Văn Tập,Long Biên,TP Hà Nội','Long Biên','','Đào Văn Tập'),(765,'Đinh Đức Thiện,Long Biên,TP Hà Nội','Long Biên','','Đinh Đức Thiện'),(766,'Đoàn Khuê,Long Biên,TP Hà Nội','Long Biên','','Đoàn Khuê'),(767,'Đồng Dinh,Long Biên,TP Hà Nội','Long Biên','','Đồng Dinh'),(768,'Đức Giang,Long Biên,TP Hà Nội','Long Biên','','Đức Giang'),(769,'Gia Quất,Long Biên,TP Hà Nội','Long Biên','','Gia Quất'),(770,'Gia Thượng,Long Biên,TP Hà Nội','Long Biên','','Gia Thượng'),(771,'Gia Thụy,Long Biên,TP Hà Nội','Long Biên','','Gia Thụy'),(772,'Giang Biên,Long Biên,TP Hà Nội','Long Biên','','Giang Biên'),(773,'Hoa Lâm,Long Biên,TP Hà Nội','Long Biên','','Hoa Lâm'),(774,'Hoàng Như Tiếp,Long Biên,TP Hà Nội','Long Biên','','Hoàng Như Tiếp'),(775,'Hoàng Thế Thiện,Long Biên,TP Hà Nội','Long Biên','','Hoàng Thế Thiện'),(776,'Hội Xá,Long Biên,TP Hà Nội','Long Biên','','Hội Xá'),(777,'Hồng Tiến,Long Biên,TP Hà Nội','Long Biên','','Hồng Tiến'),(778,'Huỳnh Tấn Phát,Long Biên,TP Hà Nội','Long Biên','','Huỳnh Tấn Phát'),(779,'Huỳnh Văn Nghệ,Long Biên,TP Hà Nội','Long Biên','','Huỳnh Văn Nghệ'),(780,'Kẻ Tạnh,Long Biên,TP Hà Nội','Long Biên','','Kẻ Tạnh'),(781,'Kim Quan,Long Biên,TP Hà Nội','Long Biên','','Kim Quan'),(782,'Kim Quan Thượng,Long Biên,TP Hà Nội','Long Biên','','Kim Quan Thượng'),(783,'Lâm Du,Long Biên,TP Hà Nội','Long Biên','','Lâm Du'),(784,'Lâm Hạ,Long Biên,TP Hà Nội','Long Biên','','Lâm Hạ'),(785,'Lệ Mật,Long Biên,TP Hà Nội','Long Biên','','Lệ Mật'),(786,'Long Biên 1,Long Biên,TP Hà Nội','Long Biên','','Long Biên 1'),(787,'Long Biên 2,Long Biên,TP Hà Nội','Long Biên','','Long Biên 2'),(788,'Long Biên - Xuân Quan,Long Biên,TP Hà Nội','Long Biên','','Long Biên - Xuân Quan'),(789,'Lưu Khánh Đàm,Long Biên,TP Hà Nội','Long Biên','','Lưu Khánh Đàm'),(790,'Lý Sơn,Long Biên,TP Hà Nội','Long Biên','','Lý Sơn'),(791,'Mai Chí Thọ,Long Biên,TP Hà Nội','Long Biên','','Mai Chí Thọ'),(792,'Mai Phúc,Long Biên,TP Hà Nội','Long Biên','','Mai Phúc'),(793,'Nam Đuống,Long Biên,TP Hà Nội','Long Biên','','Nam Đuống'),(794,'Ngô Gia Khảm,Long Biên,TP Hà Nội','Long Biên','','Ngô Gia Khảm'),(795,'Ngô Gia Tự,Long Biên,TP Hà Nội','Long Biên','','Ngô Gia Tự'),(796,'Ngô Huy Quỳnh,Long Biên,TP Hà Nội','Long Biên','','Ngô Huy Quỳnh'),(797,'Ngô Viết Thụ,Long Biên,TP Hà Nội','Long Biên','','Ngô Viết Thụ'),(798,'Ngọc Lâm,Long Biên,TP Hà Nội','Long Biên','','Ngọc Lâm'),(799,'Ngọc Thụy,Long Biên,TP Hà Nội','Long Biên','','Ngọc Thụy'),(800,'Ngọc Trì,Long Biên,TP Hà Nội','Long Biên','','Ngọc Trì'),(801,'Nguyễn Cao Luyện,Long Biên,TP Hà Nội','Long Biên','','Nguyễn Cao Luyện'),(802,'Nguyễn Đức Thuận,Long Biên,TP Hà Nội','Long Biên','','Nguyễn Đức Thuận'),(803,'Nguyễn Lam,Long Biên,TP Hà Nội','Long Biên','','Nguyễn Lam'),(804,'Nguyễn Sơn,Long Biên,TP Hà Nội','Long Biên','','Nguyễn Sơn'),(805,'Nguyễn Văn Cừ,Long Biên,TP Hà Nội','Long Biên','','Nguyễn Văn Cừ'),(806,'Nguyễn Văn Hưởng,Long Biên,TP Hà Nội','Long Biên','','Nguyễn Văn Hưởng'),(807,'Nguyễn Văn Linh,Long Biên,TP Hà Nội','Long Biên','','Nguyễn Văn Linh'),(808,'Nguyễn Văn Ninh,Long Biên,TP Hà Nội','Long Biên','','Nguyễn Văn Ninh'),(809,'Ô Cách,Long Biên,TP Hà Nội','Long Biên','','Ô Cách'),(810,'Phan Văn Đáng,Long Biên,TP Hà Nội','Long Biên','','Phan Văn Đáng'),(811,'Phú Viên,Long Biên,TP Hà Nội','Long Biên','','Phú Viên'),(812,'Phúc Lợi,Long Biên,TP Hà Nội','Long Biên','','Phúc Lợi'),(813,'Sài Đồng,Long Biên,TP Hà Nội','Long Biên','','Sài Đồng'),(814,'Tân Thụy,Long Biên,TP Hà Nội','Long Biên','','Tân Thụy'),(815,'Thạch Bàn,Long Biên,TP Hà Nội','Long Biên','','Thạch Bàn'),(816,'Thạch Cầu,Long Biên,TP Hà Nội','Long Biên','','Thạch Cầu'),(817,'Thanh Am,Long Biên,TP Hà Nội','Long Biên','','Thanh Am'),(818,'Thép Mới,Long Biên,TP Hà Nội','Long Biên','','Thép Mới'),(819,'Thượng Thanh,Long Biên,TP Hà Nội','Long Biên','','Thượng Thanh'),(820,'Tình Quang,Long Biên,TP Hà Nội','Long Biên','','Tình Quang'),(821,'Trạm,Long Biên,TP Hà Nội','Long Biên','','Trạm'),(822,'Trần Danh Tuyên,Long Biên,TP Hà Nội','Long Biên','','Trần Danh Tuyên'),(823,'Trần Văn Trà,Long Biên,TP Hà Nội','Long Biên','','Trần Văn Trà'),(824,'Trường Lâm,Long Biên,TP Hà Nội','Long Biên','','Trường Lâm'),(825,'Tư Đình,Long Biên,TP Hà Nội','Long Biên','','Tư Đình'),(826,'Vạn Hạnh,Long Biên,TP Hà Nội','Long Biên','','Vạn Hạnh'),(827,'Việt Hưng,Long Biên,TP Hà Nội','Long Biên','','Việt Hưng'),(828,'Vũ Đức Thận,Long Biên,TP Hà Nội','Long Biên','','Vũ Đức Thận'),(829,'Vũ Xuân Thiều,Long Biên,TP Hà Nội','Long Biên','','Vũ Xuân Thiều'),(830,'Xuân Đỗ,Long Biên,TP Hà Nội','Long Biên','','Xuân Đỗ'),(831,'Bùi Xuân Phái,Nam Từ Liêm,TP Hà Nội','Nam Từ Liêm','','Bùi Xuân Phái'),(832,'Cao Xuân Huy,Nam Từ Liêm,TP Hà Nội','Nam Từ Liêm','','Cao Xuân Huy'),(833,'Cầu Cốc,Nam Từ Liêm,TP Hà Nội','Nam Từ Liêm','','Cầu Cốc'),(834,'Châu Văn Liêm,Nam Từ Liêm,TP Hà Nội','Nam Từ Liêm','','Châu Văn Liêm'),(835,'Cương Kiên,Nam Từ Liêm,TP Hà Nội','Nam Từ Liêm','','Cương Kiên'),(836,'Đại Linh,Nam Từ Liêm,TP Hà Nội','Nam Từ Liêm','','Đại Linh'),(837,'Đại Mỗ,Nam Từ Liêm,TP Hà Nội','Nam Từ Liêm','','Đại Mỗ'),(838,'Đình Thôn,Nam Từ Liêm,TP Hà Nội','Nam Từ Liêm','','Đình Thôn'),(839,'Đỗ Đình Thiện,Nam Từ Liêm,TP Hà Nội','Nam Từ Liêm','','Đỗ Đình Thiện'),(840,'Đỗ Đức Dục,Nam Từ Liêm,TP Hà Nội','Nam Từ Liêm','','Đỗ Đức Dục'),(841,'Do Nha,Nam Từ Liêm,TP Hà Nội','Nam Từ Liêm','','Do Nha'),(842,'Đại lộ Thăng Long,Nam Từ Liêm,TP Hà Nội','Nam Từ Liêm','','Đại lộ Thăng Long'),(843,'Đỗ Xuân Hợp,Nam Từ Liêm,TP Hà Nội','Nam Từ Liêm','','Đỗ Xuân Hợp'),(844,'Đồng Me,Nam Từ Liêm,TP Hà Nội','Nam Từ Liêm','','Đồng Me'),(845,'Dương Đình Nghệ,Nam Từ Liêm,TP Hà Nội','Nam Từ Liêm','','Dương Đình Nghệ'),(846,'Dương Khuê,Nam Từ Liêm,TP Hà Nội','Nam Từ Liêm','','Dương Khuê'),(847,'Duy Tân,Nam Từ Liêm,TP Hà Nội','Nam Từ Liêm','','Duy Tân'),(848,'Hàm Nghi,Nam Từ Liêm,TP Hà Nội','Nam Từ Liêm','','Hàm Nghi'),(849,'Hồ Tùng Mậu,Nam Từ Liêm,TP Hà Nội','Nam Từ Liêm','','Hồ Tùng Mậu'),(850,'Hoài Thanh,Nam Từ Liêm,TP Hà Nội','Nam Từ Liêm','','Hoài Thanh'),(851,'Hoàng Trọng Mậu,Nam Từ Liêm,TP Hà Nội','Nam Từ Liêm','','Hoàng Trọng Mậu'),(852,'Hòe Thị,Nam Từ Liêm,TP Hà Nội','Nam Từ Liêm','','Hòe Thị'),(853,'Hữu Hưng,Nam Từ Liêm,TP Hà Nội','Nam Từ Liêm','','Hữu Hưng'),(854,'Lê Đức Thọ,Nam Từ Liêm,TP Hà Nội','Nam Từ Liêm','','Lê Đức Thọ'),(855,'Lê Quang Đạo,Nam Từ Liêm,TP Hà Nội','Nam Từ Liêm','','Lê Quang Đạo'),(856,'Lương Thế Vinh,Nam Từ Liêm,TP Hà Nội','Nam Từ Liêm','','Lương Thế Vinh'),(857,'Lưu Hữu Phước,Nam Từ Liêm,TP Hà Nội','Nam Từ Liêm','','Lưu Hữu Phước'),(858,'Mạc Thái Tổ,Nam Từ Liêm,TP Hà Nội','Nam Từ Liêm','','Mạc Thái Tổ'),(859,'Mạc Thái Tông,Nam Từ Liêm,TP Hà Nội','Nam Từ Liêm','','Mạc Thái Tông'),(860,'Mễ Trì,Nam Từ Liêm,TP Hà Nội','Nam Từ Liêm','','Mễ Trì'),(861,'Mễ Trì Hạ,Nam Từ Liêm,TP Hà Nội','Nam Từ Liêm','','Mễ Trì Hạ'),(862,'Mễ Trì Thượng,Nam Từ Liêm,TP Hà Nội','Nam Từ Liêm','','Mễ Trì Thượng'),(863,'Miếu Đầm,Nam Từ Liêm,TP Hà Nội','Nam Từ Liêm','','Miếu Đầm'),(864,'Miêu Nha,Nam Từ Liêm,TP Hà Nội','Nam Từ Liêm','','Miêu Nha'),(865,'Mỹ Đình,Nam Từ Liêm,TP Hà Nội','Nam Từ Liêm','','Mỹ Đình'),(866,'Ngọc Trục,Nam Từ Liêm,TP Hà Nội','Nam Từ Liêm','','Ngọc Trục'),(867,'Nguyễn Cơ Thạch,Nam Từ Liêm,TP Hà Nội','Nam Từ Liêm','','Nguyễn Cơ Thạch'),(868,'Nguyễn Đổng Chi,Nam Từ Liêm,TP Hà Nội','Nam Từ Liêm','','Nguyễn Đổng Chi'),(869,'Nguyễn Hoàng,Nam Từ Liêm,TP Hà Nội','Nam Từ Liêm','','Nguyễn Hoàng'),(870,'Nguyễn Trãi,Nam Từ Liêm,TP Hà Nội','Nam Từ Liêm','','Nguyễn Trãi'),(871,'Nguyễn Văn Giáp,Nam Từ Liêm,TP Hà Nội','Nam Từ Liêm','','Nguyễn Văn Giáp'),(872,'Nguyễn Xuân Nguyên,Nam Từ Liêm,TP Hà Nội','Nam Từ Liêm','','Nguyễn Xuân Nguyên'),(873,'Nhổn,Nam Từ Liêm,TP Hà Nội','Nam Từ Liêm','','Nhổn'),(874,'Phạm Hùng,Nam Từ Liêm,TP Hà Nội','Nam Từ Liêm','','Phạm Hùng'),(875,'Phú Đô,Nam Từ Liêm,TP Hà Nội','Nam Từ Liêm','','Phú Đô'),(876,'Phúc Diễn,Nam Từ Liêm,TP Hà Nội','Nam Từ Liêm','','Phúc Diễn'),(877,'Phùng Khoang,Nam Từ Liêm,TP Hà Nội','Nam Từ Liêm','','Phùng Khoang'),(878,'Phương Canh,Nam Từ Liêm,TP Hà Nội','Nam Từ Liêm','','Phương Canh'),(879,'Quang Tiến,Nam Từ Liêm,TP Hà Nội','Nam Từ Liêm','','Quang Tiến'),(880,'Sa Đôi,Nam Từ Liêm,TP Hà Nội','Nam Từ Liêm','','Sa Đôi'),(881,'Tân Mỹ,Nam Từ Liêm,TP Hà Nội','Nam Từ Liêm','','Tân Mỹ'),(882,'Tây Mỗ,Nam Từ Liêm,TP Hà Nội','Nam Từ Liêm','','Tây Mỗ'),(883,'Thanh Bình,Nam Từ Liêm,TP Hà Nội','Nam Từ Liêm','','Thanh Bình'),(884,'Thị Cấm,Nam Từ Liêm,TP Hà Nội','Nam Từ Liêm','','Thị Cấm'),(885,'Thiên Hiền,Nam Từ Liêm,TP Hà Nội','Nam Từ Liêm','','Thiên Hiền'),(886,'Tố Hữu,Nam Từ Liêm,TP Hà Nội','Nam Từ Liêm','','Tố Hữu'),(887,'Tôn Thất Thuyết,Nam Từ Liêm,TP Hà Nội','Nam Từ Liêm','','Tôn Thất Thuyết'),(888,'Trần Bình,Nam Từ Liêm,TP Hà Nội','Nam Từ Liêm','','Trần Bình'),(889,'Trần Hữu Dực,Nam Từ Liêm,TP Hà Nội','Nam Từ Liêm','','Trần Hữu Dực'),(890,'Trần Văn Cẩn,Nam Từ Liêm,TP Hà Nội','Nam Từ Liêm','','Trần Văn Cẩn'),(891,'Trần Văn Lai,Nam Từ Liêm,TP Hà Nội','Nam Từ Liêm','','Trần Văn Lai'),(892,'Trịnh Văn Bô,Nam Từ Liêm,TP Hà Nội','Nam Từ Liêm','','Trịnh Văn Bô'),(893,'Trung Văn,Nam Từ Liêm,TP Hà Nội','Nam Từ Liêm','','Trung Văn'),(894,'Tu Hoàng,Nam Từ Liêm,TP Hà Nội','Nam Từ Liêm','','Tu Hoàng'),(895,'Tú Mỡ,Nam Từ Liêm,TP Hà Nội','Nam Từ Liêm','','Tú Mỡ'),(896,'Vũ Hữu,Nam Từ Liêm,TP Hà Nội','Nam Từ Liêm','','Vũ Hữu'),(897,'Vũ Quỳnh,Nam Từ Liêm,TP Hà Nội','Nam Từ Liêm','','Vũ Quỳnh'),(898,'Vũ Trọng Khánh,Nam Từ Liêm,TP Hà Nội','Nam Từ Liêm','','Vũ Trọng Khánh'),(899,'Xuân Phương,Nam Từ Liêm,TP Hà Nội','Nam Từ Liêm','','Xuân Phương'),(900,'An Dương,Tây Hồ,TP Hà Nội','Tây Hồ','','An Dương'),(901,'An Dương Vương,Tây Hồ,TP Hà Nội','Tây Hồ','','An Dương Vương'),(902,'Âu Cơ,Tây Hồ,TP Hà Nội','Tây Hồ','','Âu Cơ'),(903,'Bùi Trang Chước,Tây Hồ,TP Hà Nội','Tây Hồ','','Bùi Trang Chước'),(904,'Đặng Thai Mai,Tây Hồ,TP Hà Nội','Tây Hồ','','Đặng Thai Mai'),(905,'Đồng Cổ,Tây Hồ,TP Hà Nội','Tây Hồ','','Đồng Cổ'),(906,'Hoàng Hoa Thám,Tây Hồ,TP Hà Nội','Tây Hồ','','Hoàng Hoa Thám'),(907,'Hồng Hà,Tây Hồ,TP Hà Nội','Tây Hồ','','Hồng Hà'),(908,'Hùng Vương,Tây Hồ,TP Hà Nội','Tây Hồ','','Hùng Vương'),(909,'Lạc Long Quân,Tây Hồ,TP Hà Nội','Tây Hồ','','Lạc Long Quân'),(910,'Mai Xuân Thưởng,Tây Hồ,TP Hà Nội','Tây Hồ','','Mai Xuân Thưởng'),(911,'Nghi Tàm,Tây Hồ,TP Hà Nội','Tây Hồ','','Nghi Tàm'),(912,'Nguyễn Đình Thi,Tây Hồ,TP Hà Nội','Tây Hồ','','Nguyễn Đình Thi'),(913,'Nguyễn Hoàng Tôn,Tây Hồ,TP Hà Nội','Tây Hồ','','Nguyễn Hoàng Tôn'),(914,'Nhật Chiêu,Tây Hồ,TP Hà Nội','Tây Hồ','','Nhật Chiêu'),(915,'Phan Đình Phùng,Tây Hồ,TP Hà Nội','Tây Hồ','','Phan Đình Phùng'),(916,'Phú Gia,Tây Hồ,TP Hà Nội','Tây Hồ','','Phú Gia'),(917,'Phú Thượng,Tây Hồ,TP Hà Nội','Tây Hồ','','Phú Thượng'),(918,'Phú Xá,Tây Hồ,TP Hà Nội','Tây Hồ','','Phú Xá'),(919,'Phúc Hoa,Tây Hồ,TP Hà Nội','Tây Hồ','','Phúc Hoa'),(920,'Quảng An,Tây Hồ,TP Hà Nội','Tây Hồ','','Quảng An'),(921,'Quảng Bá,Tây Hồ,TP Hà Nội','Tây Hồ','','Quảng Bá'),(922,'Quảng Khánh,Tây Hồ,TP Hà Nội','Tây Hồ','','Quảng Khánh'),(923,'Tam Đa,Tây Hồ,TP Hà Nội','Tây Hồ','','Tam Đa'),(924,'Tây Hồ,Tây Hồ,TP Hà Nội','Tây Hồ','','Tây Hồ'),(925,'Thanh Niên,Tây Hồ,TP Hà Nội','Tây Hồ','','Thanh Niên'),(926,'Thượng Thụy,Tây Hồ,TP Hà Nội','Tây Hồ','','Thượng Thụy'),(927,'Thụy Khuê,Tây Hồ,TP Hà Nội','Tây Hồ','','Thụy Khuê'),(928,'Tô Ngọc Vân,Tây Hồ,TP Hà Nội','Tây Hồ','','Tô Ngọc Vân'),(929,'Trích Sài,Tây Hồ,TP Hà Nội','Tây Hồ','','Trích Sài'),(930,'Trịnh Công Sơn,Tây Hồ,TP Hà Nội','Tây Hồ','','Trịnh Công Sơn'),(931,'Từ Hoa,Tây Hồ,TP Hà Nội','Tây Hồ','','Từ Hoa'),(932,'Tứ Liên,Tây Hồ,TP Hà Nội','Tây Hồ','','Tứ Liên'),(933,'Văn Cao,Tây Hồ,TP Hà Nội','Tây Hồ','','Văn Cao'),(934,'Vệ Hồ,Tây Hồ,TP Hà Nội','Tây Hồ','','Vệ Hồ'),(935,'Võ Chí Công,Tây Hồ,TP Hà Nội','Tây Hồ','','Võ Chí Công'),(936,'Võng Thị,Tây Hồ,TP Hà Nội','Tây Hồ','','Võng Thị'),(937,'Vũ Miên,Tây Hồ,TP Hà Nội','Tây Hồ','','Vũ Miên'),(938,'Vũ Tuấn Chiêu,Tây Hồ,TP Hà Nội','Tây Hồ','','Vũ Tuấn Chiêu'),(939,'Xuân Diệu,Tây Hồ,TP Hà Nội','Tây Hồ','','Xuân Diệu'),(940,'Xuân La,Tây Hồ,TP Hà Nội','Tây Hồ','','Xuân La'),(941,'Yên Hoa,Tây Hồ,TP Hà Nội','Tây Hồ','','Yên Hoa'),(942,'Yên Phụ (đường đôi),Tây Hồ,TP Hà Nội','Tây Hồ','','Yên Phụ (đường đôi)'),(943,'Yên Phụ (đôi),Tây Hồ,TP Hà Nội','Tây Hồ','','Yên Phụ (đôi)'),(944,'Bùi Xương Trạch,Thanh Xuân,TP Hà Nội','Thanh Xuân','','Bùi Xương Trạch'),(945,'Chính Kinh,Thanh Xuân,TP Hà Nội','Thanh Xuân','','Chính Kinh'),(946,'Cù Chính Lan,Thanh Xuân,TP Hà Nội','Thanh Xuân','','Cù Chính Lan'),(947,'Cự Lộc,Thanh Xuân,TP Hà Nội','Thanh Xuân','','Cự Lộc'),(948,'Định Công,Thanh Xuân,TP Hà Nội','Thanh Xuân','','Định Công'),(949,'Giải Phóng,Thanh Xuân,TP Hà Nội','Thanh Xuân','','Giải Phóng'),(950,'Giáp Nhất,Thanh Xuân,TP Hà Nội','Thanh Xuân','','Giáp Nhất'),(951,'Hạ Đình,Thanh Xuân,TP Hà Nội','Thanh Xuân','','Hạ Đình'),(952,'Hoàng Đạo Thành,Thanh Xuân,TP Hà Nội','Thanh Xuân','','Hoàng Đạo Thành'),(953,'Hoàng Đạo Thúy,Thanh Xuân,TP Hà Nội','Thanh Xuân','','Hoàng Đạo Thúy'),(954,'Hoàng Minh Giám,Thanh Xuân,TP Hà Nội','Thanh Xuân','','Hoàng Minh Giám'),(955,'Hoàng Ngân,Thanh Xuân,TP Hà Nội','Thanh Xuân','','Hoàng Ngân'),(956,'Hoàng Văn Thái,Thanh Xuân,TP Hà Nội','Thanh Xuân','','Hoàng Văn Thái'),(957,'Khuất Duy Tiến,Thanh Xuân,TP Hà Nội','Thanh Xuân','','Khuất Duy Tiến'),(958,'Khương Đình,Thanh Xuân,TP Hà Nội','Thanh Xuân','','Khương Đình'),(959,'Khương Hạ,Thanh Xuân,TP Hà Nội','Thanh Xuân','','Khương Hạ'),(960,'Khương Trung,Thanh Xuân,TP Hà Nội','Thanh Xuân','','Khương Trung'),(961,'Kim Giang,Thanh Xuân,TP Hà Nội','Thanh Xuân','','Kim Giang'),(962,'Lê Trọng Tấn,Thanh Xuân,TP Hà Nội','Thanh Xuân','','Lê Trọng Tấn'),(963,'Lê Văn Lương,Thanh Xuân,TP Hà Nội','Thanh Xuân','','Lê Văn Lương'),(964,'Lê Văn Thiêm,Thanh Xuân,TP Hà Nội','Thanh Xuân','','Lê Văn Thiêm'),(965,'Lương Thế Vinh,Thanh Xuân,TP Hà Nội','Thanh Xuân','','Lương Thế Vinh'),(966,'Ngụy Như Kon Tum,Thanh Xuân,TP Hà Nội','Thanh Xuân','','Ngụy Như Kon Tum'),(967,'Nguyễn Huy Tưởng,Thanh Xuân,TP Hà Nội','Thanh Xuân','','Nguyễn Huy Tưởng'),(968,'Nguyễn Lân,Thanh Xuân,TP Hà Nội','Thanh Xuân','','Nguyễn Lân'),(969,'Nguyễn Ngọc Nại,Thanh Xuân,TP Hà Nội','Thanh Xuân','','Nguyễn Ngọc Nại'),(970,'Nguyễn Quý Đức,Thanh Xuân,TP Hà Nội','Thanh Xuân','','Nguyễn Quý Đức'),(971,'Nguyễn Thị Định,Thanh Xuân,TP Hà Nội','Thanh Xuân','','Nguyễn Thị Định'),(972,'Nguyễn Thị Thập,Thanh Xuân,TP Hà Nội','Thanh Xuân','','Nguyễn Thị Thập'),(973,'Nguyễn Trãi,Thanh Xuân,TP Hà Nội','Thanh Xuân','','Nguyễn Trãi'),(974,'Nguyễn Tuân,Thanh Xuân,TP Hà Nội','Thanh Xuân','','Nguyễn Tuân'),(975,'Nguyễn Văn Trỗi,Thanh Xuân,TP Hà Nội','Thanh Xuân','','Nguyễn Văn Trỗi'),(976,'Nguyễn Viết Xuân,Thanh Xuân,TP Hà Nội','Thanh Xuân','','Nguyễn Viết Xuân'),(977,'Nguyễn Xiển,Thanh Xuân,TP Hà Nội','Thanh Xuân','','Nguyễn Xiển'),(978,'Nguyễn Xuân Linh,Thanh Xuân,TP Hà Nội','Thanh Xuân','','Nguyễn Xuân Linh'),(979,'Nhân Hòa,Thanh Xuân,TP Hà Nội','Thanh Xuân','','Nhân Hòa'),(980,'Phan Đình Giót,Thanh Xuân,TP Hà Nội','Thanh Xuân','','Phan Đình Giót'),(981,'Phương Liệt,Thanh Xuân,TP Hà Nội','Thanh Xuân','','Phương Liệt'),(982,'Quan Nhân,Thanh Xuân,TP Hà Nội','Thanh Xuân','','Quan Nhân'),(983,'Thượng Đình,Thanh Xuân,TP Hà Nội','Thanh Xuân','','Thượng Đình'),(984,'Tố Hữu,Thanh Xuân,TP Hà Nội','Thanh Xuân','','Tố Hữu'),(985,'Tô Vĩnh Diện,Thanh Xuân,TP Hà Nội','Thanh Xuân','','Tô Vĩnh Diện'),(986,'Trần Điền,Thanh Xuân,TP Hà Nội','Thanh Xuân','','Trần Điền'),(987,'Triều Khúc,Thanh Xuân,TP Hà Nội','Thanh Xuân','','Triều Khúc'),(988,'Trịnh Đình Cửu,Thanh Xuân,TP Hà Nội','Thanh Xuân','','Trịnh Đình Cửu'),(989,'Trường Chinh,Thanh Xuân,TP Hà Nội','Thanh Xuân','','Trường Chinh'),(990,'Vọng,Thanh Xuân,TP Hà Nội','Thanh Xuân','','Vọng'),(991,'Vũ Hữu,Thanh Xuân,TP Hà Nội','Thanh Xuân','','Vũ Hữu'),(992,'Vũ Tông Phan,Thanh Xuân,TP Hà Nội','Thanh Xuân','','Vũ Tông Phan'),(993,'Vũ Trọng Phụng,Thanh Xuân,TP Hà Nội','Thanh Xuân','','Vũ Trọng Phụng'),(994,'Vương Thừa Vũ,Thanh Xuân,TP Hà Nội','Thanh Xuân','','Vương Thừa Vũ'),(995,'Lăng Chủ tịch Hồ Chí Minh','Ba Đình','','TP Hà Nội'),(996,'Quảng trường Ba Đình','Ba Đình','','TP Hà Nội'),(997,'Hội trường Ba Đình','Ba Đình','','TP Hà Nội'),(998,'Chùa Một Cột','Ba Đình','','TP Hà Nội'),(999,'Bảo tàng Hồ Chí Minh','Ba Đình','','TP Hà Nội'),(1000,'Cột cờ Hà Nội','Ba Đình','','TP Hà Nội'),(1001,'Bảo tàng Quân đội','Ba Đình','','TP Hà Nội'),(1002,'Bảo tàng Mỹ thuật','Ba Đình','','TP Hà Nội'),(1003,'Hoàng thành Thăng Long','Ba Đình','','TP Hà Nội'),(1004,'Công viên Lê Nin','Ba Đình','','TP Hà Nội'),(1005,'Phủ Chủ tịch','Ba Đình','','TP Hà Nội'),(1006,'Hồ Trúc Bạch','Ba Đình','','TP Hà Nội'),(1007,'Đền Quán Thánh','Ba Đình','','TP Hà Nội'),(1008,'Hồ Hữu Tiệp','Ba Đình','','TP Hà Nội'),(1009,'Chợ Long Biên','Ba Đình','','TP Hà Nội'),(1010,'Chợ Châu Long','Ba Đình','','TP Hà Nội'),(1011,'Công viên Thủ Lệ','Ba Đình','','TP Hà Nội'),(1012,'Triển lãm Giảng Võ','Ba Đình','','TP Hà Nội'),(1013,'Bến xe Kim Mã','Ba Đình','','TP Hà Nội'),(1014,'Cung thể thao Quần Ngựa','Ba Đình','','TP Hà Nội'),(1015,'Lotte Center Hà Nội','Ba Đình','','TP Hà Nội'),(1016,'Đài Truyền hình Việt Nam','Ba Đình','','TP Hà Nội'),(1017,'Nhà thờ Cửa Bắc','Ba Đình','','TP Hà Nội'),(1018,'Học viện Kỹ thuật Quân sự','Bắc Từ Liêm','','TP Hà Nội'),(1019,'Học viện Tài chính','Bắc Từ Liêm','','TP Hà Nội'),(1020,'Học viện cảnh sát nhân dân','Bắc Từ Liêm','','TP Hà Nội'),(1021,'Học viện chính trị công an nhân dân','Bắc Từ Liêm','','TP Hà Nội'),(1022,'Đại Học Điện Lực','Bắc Từ Liêm','','TP Hà Nội'),(1023,'Đại học Mỏ - Địa chất','Bắc Từ Liêm','','TP Hà Nội'),(1024,'Đại học Tài nguyên và Môi trường','Bắc Từ Liêm','','TP Hà Nội'),(1025,'Đại học công nghiệp Hà Nội','Bắc Từ Liêm','','TP Hà Nội'),(1026,'Đại học y tế công cộng','Bắc Từ Liêm','','TP Hà Nội'),(1027,'Đại học Tài chính ngân hàng','Bắc Từ Liêm','','TP Hà Nội'),(1028,'Đại học Nguyễn Trãi','Bắc Từ Liêm','','TP Hà Nội'),(1029,'Cao đẳng Du lịch Hà Nội','Bắc Từ Liêm','','TP Hà Nội'),(1030,'Cao đẳng Y-Dược ASEAN','Bắc Từ Liêm','','TP Hà Nội'),(1031,'Trường Phổ thông Quốc tế Newton','Bắc Từ Liêm','','TP Hà Nội'),(1032,'Trường THPT Khoa học Giáo dục','Bắc Từ Liêm','','TP Hà Nội'),(1033,'THPT Liên cấp Tây Hà Nội','Bắc Từ Liêm','','TP Hà Nội'),(1034,'THPT Nguyễn Thị Minh Khai','Bắc Từ Liêm','','TP Hà Nội'),(1035,'THPT Xuân Đỉnh','Bắc Từ Liêm','','TP Hà Nội'),(1036,'THPT Thượng Cát','Bắc Từ Liêm','','TP Hà Nội'),(1037,'Trường cán bộ thanh tra','Bắc Từ Liêm','','TP Hà Nội'),(1038,'Công viên Hòa Bình','Bắc Từ Liêm','','TP Hà Nội'),(1039,'Bãi Chèm','Bắc Từ Liêm','','TP Hà Nội'),(1040,'Đình Chèm, Đông Ngạc, Liên Ngạc','Bắc Từ Liêm','','TP Hà Nội'),(1041,'Đình làng Kiều Mai','Bắc Từ Liêm','','TP Hà Nội'),(1042,'Cảng Liên Mạc','Bắc Từ Liêm','','TP Hà Nội'),(1043,'Vườn hoa Tây Tựu','Bắc Từ Liêm','','TP Hà Nội'),(1044,'Cầu Thăng Long','Bắc Từ Liêm','','TP Hà Nội'),(1045,'Khu đô thị Nam Thăng Long - Ciputra Hà Nội','Bắc Từ Liêm','','TP Hà Nội'),(1046,'Bến xe Nam Thăng Long','Bắc Từ Liêm','','TP Hà Nội'),(1047,'Khu đô thị Cổ Nhuế - Xuân Đỉnh','Bắc Từ Liêm','','TP Hà Nội'),(1048,'Khu đô thị Tây Hồ Tây','Bắc Từ Liêm','','TP Hà Nội'),(1049,'Khu Ngoại giao đoàn Xuân Đỉnh','Bắc Từ Liêm','','TP Hà Nội'),(1050,'Khu đô thị Tây Tựu','Bắc Từ Liêm','','TP Hà Nội'),(1051,'Khu đô thị Resco Cổ Nhuế','Bắc Từ Liêm','','TP Hà Nội'),(1052,'Khu đô thị Thành phố Giao Lưu','Bắc Từ Liêm','','TP Hà Nội'),(1053,'Khu đô thị Vibex Từ Liêm','Bắc Từ Liêm','','TP Hà Nội'),(1054,'Khu đô thị Đông Ngạc','Bắc Từ Liêm','','TP Hà Nội'),(1055,'Khu công nghiệp Nam Thăng Long','Bắc Từ Liêm','','TP Hà Nội'),(1056,'Khu công nghiệp vừa và nhỏ Từ Liêm','Bắc Từ Liêm','','TP Hà Nội'),(1057,'Vincom Plaza Bắc Từ Liêm','Bắc Từ Liêm','','TP Hà Nội'),(1058,'Nhà thờ Cổ Nhuế','Bắc Từ Liêm','','TP Hà Nội'),(1059,'Khu tổ hợp chung cư Green Stars thuộc Khu đô thị Thành phố Giao Lưu','Bắc Từ Liêm','','TP Hà Nội'),(1060,'Khu đô thị mới Nghĩa Đô','Bắc Từ Liêm','','TP Hà Nội'),(1061,'Đại học Quốc Gia Hà Nội','Cầu Giấy','','TP Hà Nội'),(1062,'Học viện Báo chí và Tuyên truyền','Cầu Giấy','','TP Hà Nội'),(1063,'Trường Đại học Ngoại ngữ -  ĐHQGHN','Cầu Giấy','','TP Hà Nội'),(1064,'Trường Đại học Thủ Đô Hà Nội','Cầu Giấy','','TP Hà Nội'),(1065,'Trường Đại học Công Nghệ - ĐHQG Hà Nội','Cầu Giấy','','TP Hà Nội'),(1066,'Trường Đại học Sư Phạm Hà Nội','Cầu Giấy','','TP Hà Nội'),(1067,'Trường Đại học Sân khấu và Điện ảnh Hà Nội','Cầu Giấy','','TP Hà Nội'),(1068,' Học viện Múa Việt Nam','Cầu Giấy','','TP Hà Nội'),(1069,'Học viện Quốc phòng','Cầu Giấy','','TP Hà Nội'),(1070,'Học viện Chính trị Quốc gia Hồ Chí Minh','Cầu Giấy','','TP Hà Nội'),(1071,'Trường Đại học Thương Mại','Cầu Giấy','','TP Hà Nội'),(1072,' Viện Khoa học và Công nghệ Việt Nam','Cầu Giấy','','TP Hà Nội'),(1073,'Trường Trung học phổ thông Chuyên Hà Nội - Amsterdam','Cầu Giấy','','TP Hà Nội'),(1074,'Trường Trung học phổ thông Chuyên Đại học Sư Phạm','Cầu Giấy','','TP Hà Nội'),(1075,'Trường Trung học phổ thông Chuyên Ngoại Ngữ','Cầu Giấy','','TP Hà Nội'),(1076,'Trường Trung học phổ thông Lương Thế Vinh','Cầu Giấy','','TP Hà Nội'),(1077,'Trường Trung học phổ thông Nguyễn Tất Thành','Cầu Giấy','','TP Hà Nội'),(1078,'Trường Trung học phổ thông Yên Hòa','Cầu Giấy','','TP Hà Nội'),(1079,'Trường Trung học phổ thông Cầu Giấy','Cầu Giấy','','TP Hà Nội'),(1080,'Trường THPT Lý Thái Tổ','Cầu Giấy','','TP Hà Nội'),(1081,'Trường THPT Nguyễn Bỉnh Khiêm','Cầu Giấy','','TP Hà Nội'),(1082,'Trường THPT Nguyễn Siêu','Cầu Giấy','','TP Hà Nội'),(1083,'Viện Huyết học Trung ương','Cầu Giấy','','TP Hà Nội'),(1084,'Bệnh viện 19-8 Bộ Công an','Cầu Giấy','','TP Hà Nội'),(1085,'Bệnh viện Y học cổ truyền Hà nội,Bệnh viện E','Cầu Giấy','','TP Hà Nội'),(1086,'Công viên Nghĩa Đô','Cầu Giấy','','TP Hà Nội'),(1087,'Công viên Cầu Giấy','Cầu Giấy','','TP Hà Nội'),(1088,'Chùa Hà','Cầu Giấy','','TP Hà Nội'),(1089,'Chợ Nhà Xanh','Cầu Giấy','','TP Hà Nội'),(1090,'Vincom plaza Thăng Long','Cầu Giấy','','TP Hà Nội'),(1091,'Lotte mart','Cầu Giấy','','TP Hà Nội'),(1092,'Bảo tàng dân tộc','Cầu Giấy','','TP Hà Nội'),(1093,'Rạp chiếu phim BHD Star Cineplex','Cầu Giấy','','TP Hà Nội'),(1094,'KeangNam 72','Cầu Giấy','','TP Hà Nội'),(1095,'BigC Thăng Long','Cầu Giấy','','TP Hà Nội'),(1096,'Trường Đại học Giao thông vận tải','Đống Đa','','TP Hà Nội'),(1097,'Đại học Công Đoàn','Đống Đa','','TP Hà Nội'),(1098,'Đại học Luật Hà Nội','Đống Đa','','TP Hà Nội'),(1099,'Trường Đại học Mỹ thuật Công nghiệp Hà Nội','Đống Đa','','TP Hà Nội'),(1100,'Đại học Ngoại Thương','Đống Đa','','TP Hà Nội'),(1101,'Đại học Thủy lợi Hà Nội','Đống Đa','','TP Hà Nội'),(1102,'Đại học Văn hóa Hà Nội','Đống Đa','','TP Hà Nội'),(1103,'Đại học Y Hà Nội','Đống Đa','','TP Hà Nội'),(1104,'Trường Đại học Văn hóa - Nghệ thuật Quân đội','Đống Đa','','TP Hà Nội'),(1105,'Học viện Thanh Thiếu niên Việt Nam','Đống Đa','','TP Hà Nội'),(1106,'Học viện Ngoại giao Việt Nam','Đống Đa','','TP Hà Nội'),(1107,'Học viện Ngân hàng','Đống Đa','','TP Hà Nội'),(1108,'Học viện Âm nhạc Quốc gia Việt Nam','Đống Đa','','TP Hà Nội'),(1109,'Học viện Hành chính','Đống Đa','','TP Hà Nội'),(1110,'Trường Kinh tế Ngoại giao Việt Nam','Đống Đa','','TP Hà Nội'),(1111,'Học viện Phụ nữ Việt Nam.','Đống Đa','','TP Hà Nội'),(1112,'Trường THPT Đống Đa','Đống Đa','','TP Hà Nội'),(1113,'Trường THPT Hoàng Cầu','Đống Đa','','TP Hà Nội'),(1114,'Trường THPT Lê Quý Đôn','Đống Đa','','TP Hà Nội'),(1115,'Trường THPT Kim Liên','Đống Đa','','TP Hà Nội'),(1116,'Trường THPT Phan Huy Chú','Đống Đa','','TP Hà Nội'),(1117,'Trường THPT Quang Trung.','Đống Đa','','TP Hà Nội'),(1118,'Ga Hà Nội','Đống Đa','','TP Hà Nội'),(1119,'Văn Miếu - Quốc Tử Giám','Đống Đa','','TP Hà Nội'),(1120,'Gò Đống Đa','Đống Đa','','TP Hà Nội'),(1121,'Chùa Bộc','Đống Đa','','TP Hà Nội'),(1122,'Sân vận động Hàng Đẫy','Đống Đa','','TP Hà Nội'),(1123,'Chùa Láng','Đống Đa','','TP Hà Nội'),(1124,'Chùa Phúc Khánh','Đống Đa','','TP Hà Nội'),(1125,'Đình Kim Liên','Đống Đa','','TP Hà Nội'),(1126,'Công viên Thống Nhất','Đống Đa','','TP Hà Nội'),(1127,'Bệnh viện Bạch Mai','Đống Đa','','TP Hà Nội'),(1128,'Nhà thờ Hàng Bột','Đống Đa','','TP Hà Nội'),(1129,'Nhà thờ Thái Hà.','Đống Đa','','TP Hà Nội'),(1130,'Siêu thị Big C Hà Đông','Hà Đông','','TP Hà Nội'),(1131,'Siêu thị Co.op Mart','Hà Đông','','TP Hà Nội'),(1132,'Siêu thị Metro Hà Đông','Hà Đông','','TP Hà Nội'),(1133,'Siêu thị Vinmart','Hà Đông','','TP Hà Nội'),(1134,'TTTM AEON MALL Hà Đông','Hà Đông','','TP Hà Nội'),(1135,'Bến xe Yên Nghĩa','Hà Đông','','TP Hà Nội'),(1136,'KĐT Dương Nội','Hà Đông','','TP Hà Nội'),(1137,'KĐT Kiến Hưng','Hà Đông','','TP Hà Nội'),(1138,'Mê Linh Plaza Hà Đông','Hà Đông','','TP Hà Nội'),(1139,'KĐT Thanh Hà','Hà Đông','','TP Hà Nội'),(1140,'KĐT Mỗ Lao','Hà Đông','','TP Hà Nội'),(1141,'Làng lụa Vạn Phúc','Hà Đông','','TP Hà Nội'),(1142,'Viện Quân y 103 - trực thuộc Học viện Quân y','Hà Đông','','TP Hà Nội'),(1143,'Viện bỏng Quốc gia','Hà Đông','','TP Hà Nội'),(1144,'Bệnh viện Đa khoa Quận Hà Đông','Hà Đông','','TP Hà Nội'),(1145,'Bệnh viện Công an Hà Nội','Hà Đông','','TP Hà Nội'),(1146,'Bệnh viện Nhi thành phố Hà Nội (đang xây dựng tại Yên Nghĩa)','Hà Đông','','TP Hà Nội'),(1147,'Bệnh viện Y học Cổ truyền Hà Đông','Hà Đông','','TP Hà Nội'),(1148,'Bệnh viện Tuệ Tĩnh','Hà Đông','','TP Hà Nội'),(1149,'Bệnh viện 09 Hà Đông','Hà Đông','','TP Hà Nội'),(1150,'Bệnh viện Đa khoa 16A Hà Đông','Hà Đông','','TP Hà Nội'),(1151,'Bệnh viện Mắt Hà Đông','Hà Đông','','TP Hà Nội'),(1152,'Trung tâm Y tế dự phòng Hà Đông','Hà Đông','','TP Hà Nội'),(1153,'Học viện Quân y ','Hà Đông','','TP Hà Nội'),(1154,'Học viện Chính trị Quân sự ','Hà Đông','','TP Hà Nội'),(1155,'Đại học Kiến trúc Hà Nội ','Hà Đông','','TP Hà Nội'),(1156,'Học viện Công nghệ Bưu chính Viễn thông ','Hà Đông','','TP Hà Nội'),(1157,'Học viện An ninh Nhân dân','Hà Đông','','TP Hà Nội'),(1158,'Học viện Y dược học cổ truyền Việt Nam ','Hà Đông','','TP Hà Nội'),(1159,'Đại học Sư phạm Nghệ thuật Trung ương','Hà Đông','','TP Hà Nội'),(1160,'Trường Đại học Kiểm sát Hà Nội ','Hà Đông','','TP Hà Nội'),(1161,'Trường Đại học Đại Nam ','Hà Đông','','TP Hà Nội'),(1162,'Đại học PHENIKAA ','Hà Đông','','TP Hà Nội'),(1163,'Cao đẳng Y tế Hà Đông','Hà Đông','','TP Hà Nội'),(1164,'Cao đẳng Kinh tế','Hà Đông','','TP Hà Nội'),(1165,'Vincom City Towers','Hai Bà Trưng','','TP Hà Nội'),(1166,'Hồ Thiền Quang','Hai Bà Trưng','','TP Hà Nội'),(1167,'Công viên Thống Nhất','Hai Bà Trưng','','TP Hà Nội'),(1168,'Công viên Tuổi Trẻ','Hai Bà Trưng','','TP Hà Nội'),(1169,'Chợ Hôm','Hai Bà Trưng','','TP Hà Nội'),(1170,'Chợ Mơ','Hai Bà Trưng','','TP Hà Nội'),(1171,'Chùa Liên Phái','Hai Bà Trưng','','TP Hà Nội'),(1172,'Đình Đại','Hai Bà Trưng','','TP Hà Nội'),(1173,'Chợ Giời (Hà Nội)','Hai Bà Trưng','','TP Hà Nội'),(1174,'Nhà tang lễ Bộ Quốc phòng','Hai Bà Trưng','','TP Hà Nội'),(1175,'Bệnh viện 108','Hai Bà Trưng','','TP Hà Nội'),(1176,'Bệnh viện Hữu Nghị','Hai Bà Trưng','','TP Hà Nội'),(1177,'Sân vận động Bách Khoa','Hai Bà Trưng','','TP Hà Nội'),(1178,'Cầu Vĩnh Tuy','Hai Bà Trưng','','TP Hà Nội'),(1179,'Cảng Phà Đen','Hai Bà Trưng','','TP Hà Nội'),(1180,'Cảng Hà Nội','Hai Bà Trưng','','TP Hà Nội'),(1181,'Sông Kim Ngưu','Hai Bà Trưng','','TP Hà Nội'),(1182,'Đền Hai Bà Trưng','Hai Bà Trưng','','TP Hà Nội'),(1183,'Nhà máy Dệt 8-3','Hai Bà Trưng','','TP Hà Nội'),(1184,'Times City','Hai Bà Trưng','','TP Hà Nội'),(1185,'Nhà thờ Hàm Long','Hai Bà Trưng','','TP Hà Nội'),(1186,'Nhà hát Tuổi Trẻ','Hai Bà Trưng','','TP Hà Nội'),(1187,'Chùa Đức Viên','Hai Bà Trưng','','TP Hà Nội'),(1188,'Ruby Plaza','Hai Bà Trưng','','TP Hà Nội'),(1189,'Khu đô thị Đầm Trấu','Hai Bà Trưng','','TP Hà Nội'),(1190,'Khu đô thị Green Pearl Minh Khai','Hai Bà Trưng','','TP Hà Nội'),(1191,'Trường Đại Học Kinh Tế - Kỹ thuật Công nghiệp','Hai Bà Trưng','','TP Hà Nội'),(1192,'Đại học Bách Khoa Hà Nội','Hai Bà Trưng','','TP Hà Nội'),(1193,'Đại học Xây dựng','Hai Bà Trưng','','TP Hà Nội'),(1194,'Đại học Kinh tế Quốc dân','Hai Bà Trưng','','TP Hà Nội'),(1195,'Viện Đại học Mở Hà Nội','Hai Bà Trưng','','TP Hà Nội'),(1196,'Đại học Dân lập Phương Đông','Hai Bà Trưng','','TP Hà Nội'),(1197,'Đại học Kinh doanh & Công nghệ Hà Nội','Hai Bà Trưng','','TP Hà Nội'),(1198,'Bắc Bộ Phủ ','Hoàn Kiếm','','TP Hà Nội'),(1199,'Nhà hát Lớn Hà Nội và Quảng trường 19-8','Hoàn Kiếm','','TP Hà Nội'),(1200,'Hồ Hoàn Kiếm (Hồ Gươm)','Hoàn Kiếm','','TP Hà Nội'),(1201,'Đền Ngọc Sơn','Hoàn Kiếm','','TP Hà Nội'),(1202,'Tháp Rùa','Hoàn Kiếm','','TP Hà Nội'),(1203,'Tháp Hòa Phong','Hoàn Kiếm','','TP Hà Nội'),(1204,'Kem Tràng Tiền','Hoàn Kiếm','','TP Hà Nội'),(1205,'Kem Hòa Bình','Hoàn Kiếm','','TP Hà Nội'),(1206,'Bưu điện Hà Nội','Hoàn Kiếm','','TP Hà Nội'),(1207,'Tượng đài Lý Thái Tổ','Hoàn Kiếm','','TP Hà Nội'),(1208,'Nhà thờ Lớn','Hoàn Kiếm','','TP Hà Nội'),(1209,'Chợ Đồng Xuân','Hoàn Kiếm','','TP Hà Nội'),(1210,'Phố cổ','Hoàn Kiếm','','TP Hà Nội'),(1211,'Chợ 19 tháng 12','Hoàn Kiếm','','TP Hà Nội'),(1212,'Ngân hàng Nhà nước Việt Nam','Hoàn Kiếm','','TP Hà Nội'),(1213,'Đền Bà Kiệu','Hoàn Kiếm','','TP Hà Nội'),(1214,'Ô Quan Chưởng','Hoàn Kiếm','','TP Hà Nội'),(1215,'Đền Lý Quốc Sư','Hoàn Kiếm','','TP Hà Nội'),(1216,'Chùa Bà Đá','Hoàn Kiếm','','TP Hà Nội'),(1217,'Chùa Quán Sứ','Hoàn Kiếm','','TP Hà Nội'),(1218,'Cầu Long Biên','Hoàn Kiếm','','TP Hà Nội'),(1219,'Cầu Chương Dương','Hoàn Kiếm','','TP Hà Nội'),(1220,'Chợ Hàng Da','Hoàn Kiếm','','TP Hà Nội'),(1221,'Nhà tù Hỏa Lò','Hoàn Kiếm','','TP Hà Nội'),(1222,'Tràng Tiền Plaza (Cửa hàng Bách hóa Tổng hợp)','Hoàn Kiếm','','TP Hà Nội'),(1223,'Rạp Công nhân','Hoàn Kiếm','','TP Hà Nội'),(1224,'Quảng trường Đông Kinh Nghĩa Thục','Hoàn Kiếm','','TP Hà Nội'),(1225,'Nhà thờ Lớn Hà Nội','Hoàn Kiếm','','TP Hà Nội'),(1226,'Ga Long Biên.','Hoàn Kiếm','','TP Hà Nội'),(1227,'Công viên Yên Sở','Hoàng Mai','','TP Hà Nội'),(1228,'Nhà thờ Làng Tám Giáp Bát','Hoàng Mai','','TP Hà Nội'),(1229,'Đình Tương Mai','Hoàng Mai','','TP Hà Nội'),(1230,'Nhà thờ Nam Dư','Hoàng Mai','','TP Hà Nội'),(1231,'Chùa Tứ Kỳ','Hoàng Mai','','TP Hà Nội'),(1232,'Chùa Pháp Vân','Hoàng Mai','','TP Hà Nội'),(1233,'Chùa Bằng (Linh tiên tự)','Hoàng Mai','','TP Hà Nội'),(1234,'Chùa Sét (Đại bi tự), Thịnh Liệt','Hoàng Mai','','TP Hà Nội'),(1235,'Công đồng Linh từ (Đền đức vua cha Bát Hải), 521 Trương Định','Hoàng Mai','','TP Hà Nội'),(1236,'Đền Mẫu Đầm sen Đại Từ','Hoàng Mai','','TP Hà Nội'),(1237,'Đền Lư Giang, khu Đền Lừ','Hoàng Mai','','TP Hà Nội'),(1238,'Miếu Gàn Hoàng Liệt','Hoàng Mai','','TP Hà Nội'),(1239,'Bến xe Giáp Bát','Hoàng Mai','','TP Hà Nội'),(1240,'Bến xe Nước Ngầm','Hoàng Mai','','TP Hà Nội'),(1241,'Mai Động','Hoàng Mai','','TP Hà Nội'),(1242,'KĐT Linh Đàm','Hoàng Mai','','TP Hà Nội'),(1243,'KĐT Pháp Vân Tứ Hiệp','Hoàng Mai','','TP Hà Nội'),(1244,'Bến xe Gia Lâm','Long Biên','','TP Hà Nội'),(1245,'Trường Đại Học Thưng Long','Long Biên','','TP Hà Nội'),(1246,'TTTM AeonMALL Long Biên','Long Biên','','TP Hà Nội'),(1247,'Trường THPT Nguyễn Gia Thiều','Long Biên','','TP Hà Nội'),(1248,'Trường THPT Lê Văn Thiêm','Long Biên','','TP Hà Nội'),(1249,'Trường Phổ thông Song ngữ Liên cấp Quốc tế Wellspring','Long Biên','','TP Hà Nội'),(1250,'Trường THPT Lý Thường Kiệt','Long Biên','','TP Hà Nội'),(1251,'Trường THPT Thạch Bàn','Long Biên','','TP Hà Nội'),(1252,'Trường THPT Phúc Lợi','Long Biên','','TP Hà Nội'),(1253,'Trường Việt Pháp Alexandre Yersin - Ngọc Thuỵ','Long Biên','','TP Hà Nội'),(1254,'Trung tâm Hội nghị Quốc gia Việt Nam','Nam Từ Liêm','','TP Hà Nội'),(1255,'Bảo tàng Hà Nội','Nam Từ Liêm','','TP Hà Nội'),(1256,'Sân vận động quốc gia Mỹ Đình','Nam Từ Liêm','','TP Hà Nội'),(1257,'Khu liên hợp thể thao quốc gia Mỹ Đình','Nam Từ Liêm','','TP Hà Nội'),(1258,'Trung tâm huấn luyện thể thao quốc gia I','Nam Từ Liêm','','TP Hà Nội'),(1259,'Bến xe Mỹ Đình','Nam Từ Liêm','','TP Hà Nội'),(1260,'Công viên Mễ Trì','Nam Từ Liêm','','TP Hà Nội'),(1261,'Công viên Mỹ Đình','Nam Từ Liêm','','TP Hà Nội'),(1262,'Công viên Phùng Khoang','Nam Từ Liêm','','TP Hà Nội'),(1263,'Đại lộ Thăng Long','Nam Từ Liêm','','TP Hà Nội'),(1264,'Khu đô thị Mỹ Đình - Mễ Trì','Nam Từ Liêm','','TP Hà Nội'),(1265,'Khu đô thị Mỹ Đình I','Nam Từ Liêm','','TP Hà Nội'),(1266,'Khu đô thị Mỹ Đình II','Nam Từ Liêm','','TP Hà Nội'),(1267,'Khu đô thị Cầu Diễn','Nam Từ Liêm','','TP Hà Nội'),(1268,'Khu đô thị Đại Mỗ','Nam Từ Liêm','','TP Hà Nội'),(1269,'Khu đô thị Tây Mỗ','Nam Từ Liêm','','TP Hà Nội'),(1270,'Khu đô thị Phùng Khoang','Nam Từ Liêm','','TP Hà Nội'),(1271,'Khu đô thị Trung Văn','Nam Từ Liêm','','TP Hà Nội'),(1272,'Khu đô thị Mễ Trì Thượng','Nam Từ Liêm','','TP Hà Nội'),(1273,'Khu đô thị Mễ Trì Hạ','Nam Từ Liêm','','TP Hà Nội'),(1274,'Khu đô thị Xuân Phương Vigracera','Nam Từ Liêm','','TP Hà Nội'),(1275,'Khu đô thị Xuân Phương Residence','Nam Từ Liêm','','TP Hà Nội'),(1276,'Khu đô thị Foresa Xuân Phương Tasco','Nam Từ Liêm','','TP Hà Nội'),(1277,'Khu đô thị Vinhomes Gardenia','Nam Từ Liêm','','TP Hà Nội'),(1278,'Khu đô thị FLC Premier Park Đại Mỗ','Nam Từ Liêm','','TP Hà Nội'),(1279,'Khu đô thị Louis City Đại Mỗ','Nam Từ Liêm','','TP Hà Nội'),(1280,'Khu đô thị Five Star Mỹ Đình','Nam Từ Liêm','','TP Hà Nội'),(1281,'Khu đô thị Vinhomes Green Bay Mễ Trì','Nam Từ Liêm','','TP Hà Nội'),(1282,'Khu đô thị FLC Garden City','Nam Từ Liêm','','TP Hà Nội'),(1283,'Khu đô thị Dream Town Tây Mỗ','Nam Từ Liêm','','TP Hà Nội'),(1284,'Nhà thờ Phùng Khoang','Nam Từ Liêm','','TP Hà Nội'),(1285,'Làng hoa Nghi Tàm','Nam Từ Liêm','','TP Hà Nội'),(1286,'Làng đào Nhật Tân','Nam Từ Liêm','','TP Hà Nội'),(1287,'Làng đào Phú Thượng','Nam Từ Liêm','','TP Hà Nội'),(1288,'Hồ Tây','Nam Từ Liêm','','TP Hà Nội'),(1289,'Chùa Bà Già','Nam Từ Liêm','','TP Hà Nội'),(1290,'Phủ Tây Hồ','Nam Từ Liêm','','TP Hà Nội'),(1291,'Công viên Hồ Tây','Nam Từ Liêm','','TP Hà Nội'),(1292,'Hồ Quảng Bá','Nam Từ Liêm','','TP Hà Nội'),(1293,'Chùa Tĩnh Lâu','Nam Từ Liêm','','TP Hà Nội'),(1294,'Chùa Thiên Niên (Thiên niên cổ tự)','Nam Từ Liêm','','TP Hà Nội'),(1295,'Chùa Vạn Niên','Nam Từ Liêm','','TP Hà Nội'),(1296,'Chùa Tào Sách','Nam Từ Liêm','','TP Hà Nội'),(1297,'Chùa Ức Niên','Nam Từ Liêm','','TP Hà Nội'),(1298,'Đền Quán Thánh','Nam Từ Liêm','','TP Hà Nội'),(1299,'Chùa Trấn Quốc','Nam Từ Liêm','','TP Hà Nội'),(1300,'Nhà thờ Thượng Thuỵ','Nam Từ Liêm','','TP Hà Nội'),(1301,'Nhà thờ An Thái','Nam Từ Liêm','','TP Hà Nội'),(1302,'Khu đô thị Ciputra','Nam Từ Liêm','','TP Hà Nội'),(1303,'Khu đô thị Phú Thượng','Nam Từ Liêm','','TP Hà Nội'),(1304,'Khu đô thị Tây Hồ Tây','Nam Từ Liêm','','TP Hà Nội'),(1305,'Khu đô thị Golden Westlake','Nam Từ Liêm','','TP Hà Nội'),(1306,'Khu đô thị Officetel Vimefulland','Nam Từ Liêm','','TP Hà Nội'),(1307,'Trường Đại học Phòng cháy chữa cháy','Tây Hồ','','TP Hà Nội'),(1308,'Trường Đại học Khoa học Tự nhiên, Đại học Quốc gia Hà Nội','Tây Hồ','','TP Hà Nội'),(1309,'Trường Đại học Khoa học Xã hội và Nhân văn, Đại học Quốc gia Hà Nội','Tây Hồ','','TP Hà Nội'),(1310,'Học viện Quản lý Giáo dục','Tây Hồ','','TP Hà Nội'),(1311,'Trường Đại học Hà Nội','Tây Hồ','','TP Hà Nội'),(1312,'Trường Đại học Công nghệ Giao thông Vận tải','Tây Hồ','','TP Hà Nội'),(1313,'Trường Đại học Sư phạm Nghệ thuật Trung ương','Tây Hồ','','TP Hà Nội'),(1314,'Royal City','Tây Hồ','','TP Hà Nội'),(1315,'Công Viên Thanh Xuân','Tây Hồ','','TP Hà Nội'),(1316,' Cống Vị,Ba Đình,TP Hà Nội','Ba Đình',' Cống Vị','TP Hà Nội'),(1317,'Điện Biên,Ba Đình,TP Hà Nội','Ba Đình','Điện Biên','TP Hà Nội'),(1318,'Đội Cấn,Ba Đình,TP Hà Nội','Ba Đình','Đội Cấn','TP Hà Nội'),(1319,'Giảng Võ,Ba Đình,TP Hà Nội','Ba Đình','Giảng Võ','TP Hà Nội'),(1320,'Kim Mã,Ba Đình,TP Hà Nội','Ba Đình','Kim Mã','TP Hà Nội'),(1321,'Liễu Giai,Ba Đình,TP Hà Nội','Ba Đình','Liễu Giai','TP Hà Nội'),(1322,'Ngọc Hà,Ba Đình,TP Hà Nội','Ba Đình','Ngọc Hà','TP Hà Nội'),(1323,'Ngọc Khánh,Ba Đình,TP Hà Nội','Ba Đình','Ngọc Khánh','TP Hà Nội'),(1324,'Nguyễn Trung Trực,Ba Đình,TP Hà Nội','Ba Đình','Nguyễn Trung Trực','TP Hà Nội'),(1325,'Phúc Xá,Ba Đình,TP Hà Nội','Ba Đình','Phúc Xá','TP Hà Nội'),(1326,'Quán Thánh,Ba Đình,TP Hà Nội','Ba Đình','Quán Thánh','TP Hà Nội'),(1327,'Thành Công,Ba Đình,TP Hà Nội','Ba Đình','Thành Công','TP Hà Nội'),(1328,'Trúc Bạch,Ba Đình,TP Hà Nội','Ba Đình','Trúc Bạch','TP Hà Nội'),(1329,'Cổ Nhuế 1,Bắc Từ Liêm,TP Hà Nội','Bắc Từ Liêm','Cổ Nhuế 1','TP Hà Nội'),(1330,'Cổ Nhuế 2,Bắc Từ Liêm,TP Hà Nội','Bắc Từ Liêm','Cổ Nhuế 2','TP Hà Nội'),(1331,'Đông Ngạc,Bắc Từ Liêm,TP Hà Nội','Bắc Từ Liêm','Đông Ngạc','TP Hà Nội'),(1332,'Đức Thắng,Bắc Từ Liêm,TP Hà Nội','Bắc Từ Liêm','Đức Thắng','TP Hà Nội'),(1333,'Liên Mạc,Bắc Từ Liêm,TP Hà Nội','Bắc Từ Liêm','Liên Mạc','TP Hà Nội'),(1334,'Minh Khai,Bắc Từ Liêm,TP Hà Nội','Bắc Từ Liêm','Minh Khai','TP Hà Nội'),(1335,'Thụy Phương,Bắc Từ Liêm,TP Hà Nội','Bắc Từ Liêm','Thụy Phương','TP Hà Nội'),(1336,'Thượng Cát,Bắc Từ Liêm,TP Hà Nội','Bắc Từ Liêm','Thượng Cát','TP Hà Nội'),(1337,'Tây Tựu,Bắc Từ Liêm,TP Hà Nội','Bắc Từ Liêm','Tây Tựu','TP Hà Nội'),(1338,'Phú Diễn,Bắc Từ Liêm,TP Hà Nội','Bắc Từ Liêm','Phú Diễn','TP Hà Nội'),(1339,'Phúc Diễn,Bắc Từ Liêm,TP Hà Nội','Bắc Từ Liêm','Phúc Diễn','TP Hà Nội'),(1340,'Xuân Đỉnh,Bắc Từ Liêm,TP Hà Nội','Bắc Từ Liêm','Xuân Đỉnh','TP Hà Nội'),(1341,'Xuân Tảo,Bắc Từ Liêm,TP Hà Nội','Bắc Từ Liêm','Xuân Tảo','TP Hà Nội'),(1342,'Dịch Vọng,Cầu Giấy,TP Hà Nội','Cầu Giấy','Dịch Vọng','TP Hà Nội'),(1343,'Dịch Vọng Hậu,Cầu Giấy,TP Hà Nội','Cầu Giấy','Dịch Vọng Hậu','TP Hà Nội'),(1344,'Mai Dịch,Cầu Giấy,TP Hà Nội','Cầu Giấy','Mai Dịch','TP Hà Nội'),(1345,'Nghĩa Đô,Cầu Giấy,TP Hà Nội','Cầu Giấy','Nghĩa Đô','TP Hà Nội'),(1346,'Nghĩa Tân,Cầu Giấy,TP Hà Nội','Cầu Giấy','Nghĩa Tân','TP Hà Nội'),(1347,'Quan Hoa,Cầu Giấy,TP Hà Nội','Cầu Giấy','Quan Hoa','TP Hà Nội'),(1348,'Trung Hòa,Cầu Giấy,TP Hà Nội','Cầu Giấy','Trung Hòa','TP Hà Nội'),(1349,'Yên Hòa,Cầu Giấy,TP Hà Nội','Cầu Giấy','Yên Hòa','TP Hà Nội'),(1350,'Cát Linh,Đống Đa,TP Hà Nội','Đống Đa','Cát Linh','TP Hà Nội'),(1351,'Hàng Bột,Đống Đa,TP Hà Nội','Đống Đa','Hàng Bột','TP Hà Nội'),(1352,'Khâm Thiên,Đống Đa,TP Hà Nội','Đống Đa','Khâm Thiên','TP Hà Nội'),(1353,'Khương Thượng,Đống Đa,TP Hà Nội','Đống Đa','Khương Thượng','TP Hà Nội'),(1354,'Kim Liên,Đống Đa,TP Hà Nội','Đống Đa','Kim Liên','TP Hà Nội'),(1355,'Láng Hạ,Đống Đa,TP Hà Nội','Đống Đa','Láng Hạ','TP Hà Nội'),(1356,'Láng Thượng,Đống Đa,TP Hà Nội','Đống Đa','Láng Thượng','TP Hà Nội'),(1357,'Nam Đồng,Đống Đa,TP Hà Nội','Đống Đa','Nam Đồng','TP Hà Nội'),(1358,'Ngã Tư Sở,Đống Đa,TP Hà Nội','Đống Đa','Ngã Tư Sở','TP Hà Nội'),(1359,'Ô Chợ Dừa,Đống Đa,TP Hà Nội','Đống Đa','Ô Chợ Dừa','TP Hà Nội'),(1360,'Phương Liên,Đống Đa,TP Hà Nội','Đống Đa','Phương Liên','TP Hà Nội'),(1361,'Phương Mai,Đống Đa,TP Hà Nội','Đống Đa','Phương Mai','TP Hà Nội'),(1362,'Quan Trung,Đống Đa,TP Hà Nội','Đống Đa','Quan Trung','TP Hà Nội'),(1363,'Quốc Tử Giám,Đống Đa,TP Hà Nội','Đống Đa','Quốc Tử Giám','TP Hà Nội'),(1364,'Thịnh Quang,Đống Đa,TP Hà Nội','Đống Đa','Thịnh Quang','TP Hà Nội'),(1365,'Thổ Quan,Đống Đa,TP Hà Nội','Đống Đa','Thổ Quan','TP Hà Nội'),(1366,'Trung Liệt,Đống Đa,TP Hà Nội','Đống Đa','Trung Liệt','TP Hà Nội'),(1367,'Trung Phụng,Đống Đa,TP Hà Nội','Đống Đa','Trung Phụng','TP Hà Nội'),(1368,'Trung Tự,Đống Đa,TP Hà Nội','Đống Đa','Trung Tự','TP Hà Nội'),(1369,'Văn Chương,Đống Đa,TP Hà Nội','Đống Đa','Văn Chương','TP Hà Nội'),(1370,'Văn Miếu,Đống Đa,TP Hà Nội','Đống Đa','Văn Miếu','TP Hà Nội'),(1371,'Biên Giang,Hà Đông,TP Hà Nội','Hà Đông','Biên Giang','TP Hà Nội'),(1372,'Đồng Mai,Hà Đông,TP Hà Nội','Hà Đông','Đồng Mai','TP Hà Nội'),(1373,'Yên Nghĩa,Hà Đông,TP Hà Nội','Hà Đông','Yên Nghĩa','TP Hà Nội'),(1374,'Dương Nội,Hà Đông,TP Hà Nội','Hà Đông','Dương Nội','TP Hà Nội'),(1375,'Hà Cầu,Hà Đông,TP Hà Nội','Hà Đông','Hà Cầu','TP Hà Nội'),(1376,'La Khê,Hà Đông,TP Hà Nội','Hà Đông','La Khê','TP Hà Nội'),(1377,'Mộ Lao,Hà Đông,TP Hà Nội','Hà Đông','Mộ Lao','TP Hà Nội'),(1378,'Nguyễn Trãi,Hà Đông,TP Hà Nội','Hà Đông','Nguyễn Trãi','TP Hà Nội'),(1379,'Phú La,Hà Đông,TP Hà Nội','Hà Đông','Phú La','TP Hà Nội'),(1380,'Phúc Lãm,Hà Đông,TP Hà Nội','Hà Đông','Phúc Lãm','TP Hà Nội'),(1381,'Phú Lương,Hà Đông,TP Hà Nội','Hà Đông','Phú Lương','TP Hà Nội'),(1382,'Kiến Hưng,Hà Đông,TP Hà Nội','Hà Đông','Kiến Hưng','TP Hà Nội'),(1383,'Phúc La,Hà Đông,TP Hà Nội','Hà Đông','Phúc La','TP Hà Nội'),(1384,'Quang Trung,Hà Đông,TP Hà Nội','Hà Đông','Quang Trung','TP Hà Nội'),(1385,'Vạn Phúc,Hà Đông,TP Hà Nội','Hà Đông','Vạn Phúc','TP Hà Nội'),(1386,'Văn Quán,Hà Đông,TP Hà Nội','Hà Đông','Văn Quán','TP Hà Nội'),(1387,'Yết Kiêu,Hà Đông,TP Hà Nội','Hà Đông','Yết Kiêu','TP Hà Nội'),(1388,'Bách Khoa,Hai Bà Trưng,TP Hà Nội','Hai Bà Trưng','Bách Khoa','TP Hà Nội'),(1389,'Bạch Đằng,Hai Bà Trưng,TP Hà Nội','Hai Bà Trưng','Bạch Đằng','TP Hà Nội'),(1390,'Bạch Mai,Hai Bà Trưng,TP Hà Nội','Hai Bà Trưng','Bạch Mai','TP Hà Nội'),(1391,'Cầu Dền,Hai Bà Trưng,TP Hà Nội','Hai Bà Trưng','Cầu Dền','TP Hà Nội'),(1392,'Đồng Mác,Hai Bà Trưng,TP Hà Nội','Hai Bà Trưng','Đồng Mác','TP Hà Nội'),(1393,'Đồng Nhân,Hai Bà Trưng,TP Hà Nội','Hai Bà Trưng','Đồng Nhân','TP Hà Nội'),(1394,'Đồng Tâm,Hai Bà Trưng,TP Hà Nội','Hai Bà Trưng','Đồng Tâm','TP Hà Nội'),(1395,'Lê Đại Hành,Hai Bà Trưng,TP Hà Nội','Hai Bà Trưng','Lê Đại Hành','TP Hà Nội'),(1396,'Minh Khai,Hai Bà Trưng,TP Hà Nội','Hai Bà Trưng','Minh Khai','TP Hà Nội'),(1397,'Nguyễn Du,Hai Bà Trưng,TP Hà Nội','Hai Bà Trưng','Nguyễn Du','TP Hà Nội'),(1398,'Phạm Đình Hổ,Hai Bà Trưng,TP Hà Nội','Hai Bà Trưng','Phạm Đình Hổ','TP Hà Nội'),(1399,'Phố Huế,Hai Bà Trưng,TP Hà Nội','Hai Bà Trưng','Phố Huế','TP Hà Nội'),(1400,'Quỳnh Mai,Hai Bà Trưng,TP Hà Nội','Hai Bà Trưng','Quỳnh Mai','TP Hà Nội'),(1401,'Thanh Lương,Hai Bà Trưng,TP Hà Nội','Hai Bà Trưng','Thanh Lương','TP Hà Nội'),(1402,'Thanh Nhàn,Hai Bà Trưng,TP Hà Nội','Hai Bà Trưng','Thanh Nhàn','TP Hà Nội'),(1403,'Trương Định,Hai Bà Trưng,TP Hà Nội','Hai Bà Trưng','Trương Định','TP Hà Nội'),(1404,'Vĩnh Tuy,Hai Bà Trưng,TP Hà Nội','Hai Bà Trưng','Vĩnh Tuy','TP Hà Nội'),(1405,'Chương Dương,Hoàn Kiếm,TP Hà Nội','Hoàn Kiếm','Chương Dương','TP Hà Nội'),(1406,'Cửa Đông,Hoàn Kiếm,TP Hà Nội','Hoàn Kiếm','Cửa Đông','TP Hà Nội'),(1407,'Cửa Nam,Hoàn Kiếm,TP Hà Nội','Hoàn Kiếm','Cửa Nam','TP Hà Nội'),(1408,'Đồng Xuân,Hoàn Kiếm,TP Hà Nội','Hoàn Kiếm','Đồng Xuân','TP Hà Nội'),(1409,'Hàng Bạc,Hoàn Kiếm,TP Hà Nội','Hoàn Kiếm','Hàng Bạc','TP Hà Nội'),(1410,'Hàng Bài,Hoàn Kiếm,TP Hà Nội','Hoàn Kiếm','Hàng Bài','TP Hà Nội'),(1411,'Hàng Bồ,Hoàn Kiếm,TP Hà Nội','Hoàn Kiếm','Hàng Bồ','TP Hà Nội'),(1412,'Hàng Bông,Hoàn Kiếm,TP Hà Nội','Hoàn Kiếm','Hàng Bông','TP Hà Nội'),(1413,'Hàng Buồm,Hoàn Kiếm,TP Hà Nội','Hoàn Kiếm','Hàng Buồm','TP Hà Nội'),(1414,'Hàng Đào,Hoàn Kiếm,TP Hà Nội','Hoàn Kiếm','Hàng Đào','TP Hà Nội'),(1415,'Hàng Gai,Hoàn Kiếm,TP Hà Nội','Hoàn Kiếm','Hàng Gai','TP Hà Nội'),(1416,'Hàng Mã,Hoàn Kiếm,TP Hà Nội','Hoàn Kiếm','Hàng Mã','TP Hà Nội'),(1417,'Hàng Trống,Hoàn Kiếm,TP Hà Nội','Hoàn Kiếm','Hàng Trống','TP Hà Nội'),(1418,'Lý Thái Tổ,Hoàn Kiếm,TP Hà Nội','Hoàn Kiếm','Lý Thái Tổ','TP Hà Nội'),(1419,'Phan Chu Trinh,Hoàn Kiếm,TP Hà Nội','Hoàn Kiếm','Phan Chu Trinh','TP Hà Nội'),(1420,'Phúc Tân,Hoàn Kiếm,TP Hà Nội','Hoàn Kiếm','Phúc Tân','TP Hà Nội'),(1421,'Trần Hưng Đạo,Hoàn Kiếm,TP Hà Nội','Hoàn Kiếm','Trần Hưng Đạo','TP Hà Nội'),(1422,'Tràng Tiền,Hoàn Kiếm,TP Hà Nội','Hoàn Kiếm','Tràng Tiền','TP Hà Nội'),(1423,'Đại Kim,Hoàng Mai,TP Hà Nội','Hoàng Mai','Đại Kim','TP Hà Nội'),(1424,'Định Công,Hoàng Mai,TP Hà Nội','Hoàng Mai','Định Công','TP Hà Nội'),(1425,'Giáp Bát,Hoàng Mai,TP Hà Nội','Hoàng Mai','Giáp Bát','TP Hà Nội'),(1426,'Hoàng Liệt,Hoàng Mai,TP Hà Nội','Hoàng Mai','Hoàng Liệt','TP Hà Nội'),(1427,'Hoàng Văn Thụ,Hoàng Mai,TP Hà Nội','Hoàng Mai','Hoàng Văn Thụ','TP Hà Nội'),(1428,'Lĩnh Nam,Hoàng Mai,TP Hà Nội','Hoàng Mai','Lĩnh Nam','TP Hà Nội'),(1429,'Mai Động,Hoàng Mai,TP Hà Nội','Hoàng Mai','Mai Động','TP Hà Nội'),(1430,'Tân Mai,Hoàng Mai,TP Hà Nội','Hoàng Mai','Tân Mai','TP Hà Nội'),(1431,'Tây Tựu,Hoàng Mai,TP Hà Nội','Hoàng Mai','Tây Tựu','TP Hà Nội'),(1432,'Thanh Trì,Hoàng Mai,TP Hà Nội','Hoàng Mai','Thanh Trì','TP Hà Nội'),(1433,'Thanh Liệt,Hoàng Mai,TP Hà Nội','Hoàng Mai','Thanh Liệt','TP Hà Nội'),(1434,'Trần Phú,Hoàng Mai,TP Hà Nội','Hoàng Mai','Trần Phú','TP Hà Nội'),(1435,'Tương Mai,Hoàng Mai,TP Hà Nội','Hoàng Mai','Tương Mai','TP Hà Nội'),(1436,'Vĩnh Hưng,Hoàng Mai,TP Hà Nội','Hoàng Mai','Vĩnh Hưng','TP Hà Nội'),(1437,'Yên Sở,Hoàng Mai,TP Hà Nội','Hoàng Mai','Yên Sở','TP Hà Nội'),(1438,'Bồ Đề,Long Biên,TP Hà Nội','Long Biên','Bồ Đề','TP Hà Nội'),(1439,'Cự Khối,Long Biên,TP Hà Nội','Long Biên','Cự Khối','TP Hà Nội'),(1440,'Đức Giang,Long Biên,TP Hà Nội','Long Biên','Đức Giang','TP Hà Nội'),(1441,'Gia Thụy,Long Biên,TP Hà Nội','Long Biên','Gia Thụy','TP Hà Nội'),(1442,'Giang Biên,Long Biên,TP Hà Nội','Long Biên','Giang Biên','TP Hà Nội'),(1443,'Long Biên,Long Biên,TP Hà Nội','Long Biên','Long Biên','TP Hà Nội'),(1444,'Ngọc Lâm,Long Biên,TP Hà Nội','Long Biên','Ngọc Lâm','TP Hà Nội'),(1445,'Ngọc Thụy,Long Biên,TP Hà Nội','Long Biên','Ngọc Thụy','TP Hà Nội'),(1446,'Phúc Đồng,Long Biên,TP Hà Nội','Long Biên','Phúc Đồng','TP Hà Nội'),(1447,'Phúc Lợi,Long Biên,TP Hà Nội','Long Biên','Phúc Lợi','TP Hà Nội'),(1448,'Sài Đồng,Long Biên,TP Hà Nội','Long Biên','Sài Đồng','TP Hà Nội'),(1449,'Thạch Bàn,Long Biên,TP Hà Nội','Long Biên','Thạch Bàn','TP Hà Nội'),(1450,'Thượng Thanh,Long Biên,TP Hà Nội','Long Biên','Thượng Thanh','TP Hà Nội'),(1451,'VIệt Hưng,Long Biên,TP Hà Nội','Long Biên','VIệt Hưng','TP Hà Nội'),(1452,'Cầu Diễn,Nam Từ Liêm,TP Hà Nội','Nam Từ Liêm','Cầu Diễn','TP Hà Nội'),(1453,'Mỹ Đình 1,Nam Từ Liêm,TP Hà Nội','Nam Từ Liêm','Mỹ Đình 1','TP Hà Nội'),(1454,'Mỹ Đình 2,Nam Từ Liêm,TP Hà Nội','Nam Từ Liêm','Mỹ Đình 2','TP Hà Nội'),(1455,'Phú Đô,Nam Từ Liêm,TP Hà Nội','Nam Từ Liêm','Phú Đô','TP Hà Nội'),(1456,'Mễ Trì,Nam Từ Liêm,TP Hà Nội','Nam Từ Liêm','Mễ Trì','TP Hà Nội'),(1457,'Trung văn,Nam Từ Liêm,TP Hà Nội','Nam Từ Liêm','Trung văn','TP Hà Nội'),(1458,'Đại Mỗ,Nam Từ Liêm,TP Hà Nội','Nam Từ Liêm','Đại Mỗ','TP Hà Nội'),(1459,'Tây Mỗ,Nam Từ Liêm,TP Hà Nội','Nam Từ Liêm','Tây Mỗ','TP Hà Nội'),(1460,'Phương Canh,Nam Từ Liêm,TP Hà Nội','Nam Từ Liêm','Phương Canh','TP Hà Nội'),(1461,'Xuân Phương,Nam Từ Liêm,TP Hà Nội','Nam Từ Liêm','Xuân Phương','TP Hà Nội'),(1462,'Bưởi,Tây Hồ,TP Hà Nội','Tây Hồ','Bưởi','TP Hà Nội'),(1463,'Nhật Tân,Tây Hồ,TP Hà Nội','Tây Hồ','Nhật Tân','TP Hà Nội'),(1464,'Phú Thượng,Tây Hồ,TP Hà Nội','Tây Hồ','Phú Thượng','TP Hà Nội'),(1465,'Quảng An,Tây Hồ,TP Hà Nội','Tây Hồ','Quảng An','TP Hà Nội'),(1466,'Thụy Khê,Tây Hồ,TP Hà Nội','Tây Hồ','Thụy Khê','TP Hà Nội'),(1467,'Tứ Liên,Tây Hồ,TP Hà Nội','Tây Hồ','Tứ Liên','TP Hà Nội'),(1468,'Xuân La,Tây Hồ,TP Hà Nội','Tây Hồ','Xuân La','TP Hà Nội'),(1469,'Yên Phụ,Tây Hồ,TP Hà Nội','Tây Hồ','Yên Phụ','TP Hà Nội'),(1470,'Hạ Đình,Thanh Xuân,TP Hà Nội','Thanh Xuân','Hạ Đình','TP Hà Nội'),(1471,'Khương Đình,Thanh Xuân,TP Hà Nội','Thanh Xuân','Khương Đình','TP Hà Nội'),(1472,'Khương Mai,Thanh Xuân,TP Hà Nội','Thanh Xuân','Khương Mai','TP Hà Nội'),(1473,'Khương Trung,Thanh Xuân,TP Hà Nội','Thanh Xuân','Khương Trung','TP Hà Nội'),(1474,'Kim Giang,Thanh Xuân,TP Hà Nội','Thanh Xuân','Kim Giang','TP Hà Nội'),(1475,'Nhân Chính,Thanh Xuân,TP Hà Nội','Thanh Xuân','Nhân Chính','TP Hà Nội'),(1476,'Phường Liệt,Thanh Xuân,TP Hà Nội','Thanh Xuân','Phường Liệt','TP Hà Nội'),(1477,'Thanh Xuân Bắc,Thanh Xuân,TP Hà Nội','Thanh Xuân','Thanh Xuân Bắc','TP Hà Nội'),(1478,'Thanh Xuân Nam,Thanh Xuân,TP Hà Nội','Thanh Xuân','Thanh Xuân Nam','TP Hà Nội'),(1479,'Thanh Xuân Trung,Thanh Xuân,TP Hà Nội','Thanh Xuân','Thanh Xuân Trung','TP Hà Nội'),(1480,'Thượng Đình,Thanh Xuân,TP Hà Nội','Thanh Xuân','Thượng Đình','TP Hà Nội');
/*!40000 ALTER TABLE `hint` ENABLE KEYS */;
UNLOCK TABLES;

--
-- Table structure for table `hobby`
--

DROP TABLE IF EXISTS `hobby`;
/*!40101 SET @saved_cs_client     = @@character_set_client */;
/*!50503 SET character_set_client = utf8mb4 */;
CREATE TABLE `hobby` (
  `id` int(11) NOT NULL AUTO_INCREMENT,
  `userId` int(11) DEFAULT NULL,
  `apartmentId` int(11) DEFAULT NULL,
  PRIMARY KEY (`id`),
  KEY `FK_cf322f1b72a58bb2e68b16b48ae` (`userId`),
  KEY `FK_b5809107e20d5bef377af33a318` (`apartmentId`),
  CONSTRAINT `FK_b5809107e20d5bef377af33a318` FOREIGN KEY (`apartmentId`) REFERENCES `apartment` (`id`) ON DELETE NO ACTION ON UPDATE NO ACTION,
  CONSTRAINT `FK_cf322f1b72a58bb2e68b16b48ae` FOREIGN KEY (`userId`) REFERENCES `user` (`id`) ON DELETE NO ACTION ON UPDATE NO ACTION
) ENGINE=InnoDB AUTO_INCREMENT=12 DEFAULT CHARSET=utf8mb4;
/*!40101 SET character_set_client = @saved_cs_client */;

--
-- Dumping data for table `hobby`
--

LOCK TABLES `hobby` WRITE;
/*!40000 ALTER TABLE `hobby` DISABLE KEYS */;
INSERT INTO `hobby` VALUES (4,6,13),(5,6,10),(6,6,2),(7,1,14),(8,3,15),(9,5,6),(10,1,20),(11,8,30);
/*!40000 ALTER TABLE `hobby` ENABLE KEYS */;
UNLOCK TABLES;

--
-- Table structure for table `kitchen_type`
--

DROP TABLE IF EXISTS `kitchen_type`;
/*!40101 SET @saved_cs_client     = @@character_set_client */;
/*!50503 SET character_set_client = utf8mb4 */;
CREATE TABLE `kitchen_type` (
  `id` int(11) NOT NULL AUTO_INCREMENT,
  `name` varchar(255) CHARACTER SET utf8 NOT NULL,
  `code` varchar(10) NOT NULL,
  PRIMARY KEY (`id`),
  UNIQUE KEY `IDX_b92383ea371b86a1c9dcf1482a` (`code`)
) ENGINE=InnoDB AUTO_INCREMENT=5 DEFAULT CHARSET=utf8mb4;
/*!40101 SET character_set_client = @saved_cs_client */;

--
-- Dumping data for table `kitchen_type`
--

LOCK TABLES `kitchen_type` WRITE;
/*!40000 ALTER TABLE `kitchen_type` DISABLE KEYS */;
INSERT INTO `kitchen_type` VALUES (1,'Không nấu ăn','003'),(2,'Chung','001'),(3,'Không có','004'),(4,'Riêng','002');
/*!40000 ALTER TABLE `kitchen_type` ENABLE KEYS */;
UNLOCK TABLES;

--
-- Table structure for table `location`
--

DROP TABLE IF EXISTS `location`;
/*!40101 SET @saved_cs_client     = @@character_set_client */;
/*!50503 SET character_set_client = utf8mb4 */;
CREATE TABLE `location` (
  `id` int(11) NOT NULL AUTO_INCREMENT,
  `name` varchar(255) CHARACTER SET utf8 NOT NULL,
  `description` varchar(255) CHARACTER SET utf8 DEFAULT NULL,
  `streetNo` varchar(255) DEFAULT NULL,
  `provinceId` int(11) DEFAULT NULL,
  `districtId` int(11) DEFAULT NULL,
  `wardId` int(11) DEFAULT NULL,
  `streetId` int(11) DEFAULT NULL,
  PRIMARY KEY (`id`),
  KEY `FK_2a0d327b57744963f0733b4db76` (`provinceId`),
  KEY `FK_7d7df9887609d88d47be93f17e7` (`districtId`),
  KEY `FK_968a0016c601da7cbc0af2ca755` (`wardId`),
  KEY `FK_7bec63c3f785b3963f067149332` (`streetId`),
  CONSTRAINT `FK_2a0d327b57744963f0733b4db76` FOREIGN KEY (`provinceId`) REFERENCES `province` (`id`) ON DELETE SET NULL ON UPDATE NO ACTION,
  CONSTRAINT `FK_7bec63c3f785b3963f067149332` FOREIGN KEY (`streetId`) REFERENCES `street` (`id`) ON DELETE SET NULL ON UPDATE NO ACTION,
  CONSTRAINT `FK_7d7df9887609d88d47be93f17e7` FOREIGN KEY (`districtId`) REFERENCES `district` (`id`) ON DELETE SET NULL ON UPDATE NO ACTION,
  CONSTRAINT `FK_968a0016c601da7cbc0af2ca755` FOREIGN KEY (`wardId`) REFERENCES `ward` (`id`) ON DELETE SET NULL ON UPDATE NO ACTION
) ENGINE=InnoDB AUTO_INCREMENT=322 DEFAULT CHARSET=utf8mb4;
/*!40101 SET character_set_client = @saved_cs_client */;

--
-- Dumping data for table `location`
--

LOCK TABLES `location` WRITE;
/*!40000 ALTER TABLE `location` DISABLE KEYS */;
INSERT INTO `location` VALUES (1,'Lăng Chủ tịch Hồ Chí Minh',NULL,NULL,1,1,NULL,NULL),(2,'Quảng trường Ba Đình',NULL,NULL,1,1,NULL,NULL),(3,'Hội trường Ba Đình',NULL,NULL,1,1,NULL,NULL),(4,'Chùa Một Cột',NULL,NULL,1,1,NULL,NULL),(5,'Bảo tàng Hồ Chí Minh',NULL,NULL,1,1,NULL,NULL),(6,'Cột cờ Hà Nội',NULL,NULL,1,1,NULL,NULL),(7,'Bảo tàng Quân đội',NULL,NULL,1,1,NULL,NULL),(8,'Bảo tàng Mỹ thuật',NULL,NULL,1,1,NULL,NULL),(9,'Hoàng thành Thăng Long',NULL,NULL,1,1,NULL,NULL),(10,'Công viên Lê Nin',NULL,NULL,1,1,NULL,NULL),(11,'Phủ Chủ tịch',NULL,NULL,1,1,NULL,NULL),(12,'Hồ Trúc Bạch',NULL,NULL,1,1,NULL,NULL),(13,'Đền Quán Thánh',NULL,NULL,1,1,NULL,NULL),(14,'Hồ Hữu Tiệp',NULL,NULL,1,1,NULL,NULL),(15,'Chợ Long Biên',NULL,NULL,1,1,NULL,NULL),(16,'Chợ Châu Long',NULL,NULL,1,1,NULL,NULL),(17,'Công viên Thủ Lệ',NULL,NULL,1,1,NULL,NULL),(18,'Triển lãm Giảng Võ',NULL,NULL,1,1,NULL,NULL),(19,'Bến xe Kim Mã',NULL,NULL,1,1,NULL,NULL),(20,'Cung thể thao Quần Ngựa',NULL,NULL,1,1,NULL,NULL),(21,'Lotte Center Hà Nội',NULL,NULL,1,1,NULL,NULL),(22,'Đài Truyền hình Việt Nam',NULL,NULL,1,1,NULL,NULL),(23,'Nhà thờ Cửa Bắc',NULL,NULL,1,1,NULL,NULL),(24,'Học viện Kỹ thuật Quân sự',NULL,NULL,1,2,NULL,NULL),(25,'Học viện Tài chính',NULL,NULL,1,2,NULL,NULL),(26,'Học viện cảnh sát nhân dân',NULL,NULL,1,2,NULL,NULL),(27,'Học viện chính trị công an nhân dân',NULL,NULL,1,2,NULL,NULL),(28,'Đại Học Điện Lực',NULL,NULL,1,2,NULL,NULL),(29,'Đại học Mỏ - Địa chất',NULL,NULL,1,2,NULL,NULL),(30,'Đại học Tài nguyên và Môi trường',NULL,NULL,1,2,NULL,NULL),(31,'Đại học công nghiệp Hà Nội',NULL,NULL,1,2,NULL,NULL),(32,'Đại học y tế công cộng',NULL,NULL,1,2,NULL,NULL),(33,'Đại học Tài chính ngân hàng',NULL,NULL,1,2,NULL,NULL),(34,'Đại học Nguyễn Trãi',NULL,NULL,1,2,NULL,NULL),(35,'Cao đẳng Du lịch Hà Nội',NULL,NULL,1,2,NULL,NULL),(36,'Cao đẳng Y-Dược ASEAN',NULL,NULL,1,2,NULL,NULL),(37,'Trường Phổ thông Quốc tế Newton',NULL,NULL,1,2,NULL,NULL),(38,'Trường THPT Khoa học Giáo dục',NULL,NULL,1,2,NULL,NULL),(39,'THPT Liên cấp Tây Hà Nội',NULL,NULL,1,2,NULL,NULL),(40,'THPT Nguyễn Thị Minh Khai',NULL,NULL,1,2,NULL,NULL),(41,'THPT Xuân Đỉnh',NULL,NULL,1,2,NULL,NULL),(42,'THPT Thượng Cát',NULL,NULL,1,2,NULL,NULL),(43,'Trường cán bộ thanh tra',NULL,NULL,1,2,NULL,NULL),(44,'Công viên Hòa Bình',NULL,NULL,1,2,NULL,NULL),(45,'Bãi Chèm',NULL,NULL,1,2,NULL,NULL),(46,'Đình Chèm, Đông Ngạc, Liên Ngạc',NULL,NULL,1,2,NULL,NULL),(47,'Đình làng Kiều Mai',NULL,NULL,1,2,NULL,NULL),(48,'Cảng Liên Mạc',NULL,NULL,1,2,NULL,NULL),(49,'Vườn hoa Tây Tựu',NULL,NULL,1,2,NULL,NULL),(50,'Cầu Thăng Long',NULL,NULL,1,2,NULL,NULL),(51,'Khu đô thị Nam Thăng Long - Ciputra Hà Nội',NULL,NULL,1,2,NULL,NULL),(52,'Bến xe Nam Thăng Long',NULL,NULL,1,2,NULL,NULL),(53,'Khu đô thị Cổ Nhuế - Xuân Đỉnh',NULL,NULL,1,2,NULL,NULL),(54,'Khu đô thị Tây Hồ Tây',NULL,NULL,1,2,NULL,NULL),(55,'Khu Ngoại giao đoàn Xuân Đỉnh',NULL,NULL,1,2,NULL,NULL),(56,'Khu đô thị Tây Tựu',NULL,NULL,1,2,NULL,NULL),(57,'Khu đô thị Resco Cổ Nhuế',NULL,NULL,1,2,NULL,NULL),(58,'Khu đô thị Thành phố Giao Lưu',NULL,NULL,1,2,NULL,NULL),(59,'Khu đô thị Vibex Từ Liêm',NULL,NULL,1,2,NULL,NULL),(60,'Khu đô thị Đông Ngạc',NULL,NULL,1,2,NULL,NULL),(61,'Khu công nghiệp Nam Thăng Long',NULL,NULL,1,2,NULL,NULL),(62,'Khu công nghiệp vừa và nhỏ Từ Liêm',NULL,NULL,1,2,NULL,NULL),(63,'Vincom Plaza Bắc Từ Liêm',NULL,NULL,1,2,NULL,NULL),(64,'Nhà thờ Cổ Nhuế',NULL,NULL,1,2,NULL,NULL),(65,'Khu tổ hợp chung cư Green Stars thuộc Khu đô thị Thành phố Giao Lưu',NULL,NULL,1,2,NULL,NULL),(66,'Khu đô thị mới Nghĩa Đô',NULL,NULL,1,2,NULL,NULL),(67,'Đại học Quốc Gia Hà Nội',NULL,NULL,1,3,NULL,NULL),(68,'Học viện Báo chí và Tuyên truyền',NULL,NULL,1,3,NULL,NULL),(69,'Trường Đại học Ngoại ngữ -  ĐHQGHN',NULL,NULL,1,3,NULL,NULL),(70,'Trường Đại học Thủ Đô Hà Nội',NULL,NULL,1,3,NULL,NULL),(71,'Trường Đại học Công Nghệ - ĐHQG Hà Nội',NULL,NULL,1,3,NULL,NULL),(72,'Trường Đại học Sư Phạm Hà Nội',NULL,NULL,1,3,NULL,NULL),(73,'Trường Đại học Sân khấu và Điện ảnh Hà Nội',NULL,NULL,1,3,NULL,NULL),(74,' Học viện Múa Việt Nam',NULL,NULL,1,3,NULL,NULL),(75,'Học viện Quốc phòng',NULL,NULL,1,3,NULL,NULL),(76,'Học viện Chính trị Quốc gia Hồ Chí Minh',NULL,NULL,1,3,NULL,NULL),(77,'Trường Đại học Thương Mại',NULL,NULL,1,3,NULL,NULL),(78,' Viện Khoa học và Công nghệ Việt Nam',NULL,NULL,1,3,NULL,NULL),(79,'Trường Trung học phổ thông Chuyên Hà Nội - Amsterdam',NULL,NULL,1,3,NULL,NULL),(80,'Trường Trung học phổ thông Chuyên Đại học Sư Phạm',NULL,NULL,1,3,NULL,NULL),(81,'Trường Trung học phổ thông Chuyên Ngoại Ngữ',NULL,NULL,1,3,NULL,NULL),(82,'Trường Trung học phổ thông Lương Thế Vinh',NULL,NULL,1,3,NULL,NULL),(83,'Trường Trung học phổ thông Nguyễn Tất Thành',NULL,NULL,1,3,NULL,NULL),(84,'Trường Trung học phổ thông Yên Hòa',NULL,NULL,1,3,NULL,NULL),(85,'Trường Trung học phổ thông Cầu Giấy',NULL,NULL,1,3,NULL,NULL),(86,'Trường THPT Lý Thái Tổ',NULL,NULL,1,3,NULL,NULL),(87,'Trường THPT Nguyễn Bỉnh Khiêm',NULL,NULL,1,3,NULL,NULL),(88,'Trường THPT Nguyễn Siêu',NULL,NULL,1,3,NULL,NULL),(89,'Viện Huyết học Trung ương',NULL,NULL,1,3,NULL,NULL),(90,'Bệnh viện 19-8 Bộ Công an',NULL,NULL,1,3,NULL,NULL),(91,'Bệnh viện Y học cổ truyền Hà nội,Bệnh viện E',NULL,NULL,1,3,NULL,NULL),(92,'Công viên Nghĩa Đô',NULL,NULL,1,3,NULL,NULL),(93,'Công viên Cầu Giấy',NULL,NULL,1,3,NULL,NULL),(94,'Chùa Hà',NULL,NULL,1,3,NULL,NULL),(95,'Chợ Nhà Xanh',NULL,NULL,1,3,NULL,NULL),(96,'Vincom plaza Thăng Long',NULL,NULL,1,3,NULL,NULL),(97,'Lotte mart',NULL,NULL,1,3,NULL,NULL),(98,'Bảo tàng dân tộc',NULL,NULL,1,3,NULL,NULL),(99,'Rạp chiếu phim BHD Star Cineplex',NULL,NULL,1,3,NULL,NULL),(100,'KeangNam 72',NULL,NULL,1,3,NULL,NULL),(101,'BigC Thăng Long',NULL,NULL,1,3,NULL,NULL),(102,'Trường Đại học Giao thông vận tải',NULL,NULL,1,4,NULL,NULL),(103,'Đại học Công Đoàn',NULL,NULL,1,4,NULL,NULL),(104,'Đại học Luật Hà Nội',NULL,NULL,1,4,NULL,NULL),(105,'Trường Đại học Mỹ thuật Công nghiệp Hà Nội',NULL,NULL,1,4,NULL,NULL),(106,'Đại học Ngoại Thương',NULL,NULL,1,4,NULL,NULL),(107,'Đại học Thủy lợi Hà Nội',NULL,NULL,1,4,NULL,NULL),(108,'Đại học Văn hóa Hà Nội',NULL,NULL,1,4,NULL,NULL),(109,'Đại học Y Hà Nội',NULL,NULL,1,4,NULL,NULL),(110,'Trường Đại học Văn hóa - Nghệ thuật Quân đội',NULL,NULL,1,4,NULL,NULL),(111,'Học viện Thanh Thiếu niên Việt Nam',NULL,NULL,1,4,NULL,NULL),(112,'Học viện Ngoại giao Việt Nam',NULL,NULL,1,4,NULL,NULL),(113,'Học viện Ngân hàng',NULL,NULL,1,4,NULL,NULL),(114,'Học viện Âm nhạc Quốc gia Việt Nam',NULL,NULL,1,4,NULL,NULL),(115,'Học viện Hành chính',NULL,NULL,1,4,NULL,NULL),(116,'Trường Kinh tế Ngoại giao Việt Nam',NULL,NULL,1,4,NULL,NULL),(117,'Học viện Phụ nữ Việt Nam.',NULL,NULL,1,4,NULL,NULL),(118,'Trường THPT Đống Đa',NULL,NULL,1,4,NULL,NULL),(119,'Trường THPT Hoàng Cầu',NULL,NULL,1,4,NULL,NULL),(120,'Trường THPT Lê Quý Đôn',NULL,NULL,1,4,NULL,NULL),(121,'Trường THPT Kim Liên',NULL,NULL,1,4,NULL,NULL),(122,'Trường THPT Phan Huy Chú',NULL,NULL,1,4,NULL,NULL),(123,'Trường THPT Quang Trung.',NULL,NULL,1,4,NULL,NULL),(124,'Ga Hà Nội',NULL,NULL,1,4,NULL,NULL),(125,'Văn Miếu - Quốc Tử Giám',NULL,NULL,1,4,NULL,NULL),(126,'Gò Đống Đa',NULL,NULL,1,4,NULL,NULL),(127,'Chùa Bộc',NULL,NULL,1,4,NULL,NULL),(128,'Sân vận động Hàng Đẫy',NULL,NULL,1,4,NULL,NULL),(129,'Chùa Láng',NULL,NULL,1,4,NULL,NULL),(130,'Chùa Phúc Khánh',NULL,NULL,1,4,NULL,NULL),(131,'Đình Kim Liên',NULL,NULL,1,4,NULL,NULL),(132,'Công viên Thống Nhất',NULL,NULL,1,4,NULL,NULL),(133,'Bệnh viện Bạch Mai',NULL,NULL,1,4,NULL,NULL),(134,'Nhà thờ Hàng Bột',NULL,NULL,1,4,NULL,NULL),(135,'Nhà thờ Thái Hà.',NULL,NULL,1,4,NULL,NULL),(136,'Siêu thị Big C Hà Đông',NULL,NULL,1,5,NULL,NULL),(137,'Siêu thị Co.op Mart',NULL,NULL,1,5,NULL,NULL),(138,'Siêu thị Metro Hà Đông',NULL,NULL,1,5,NULL,NULL),(139,'Siêu thị Vinmart',NULL,NULL,1,5,NULL,NULL),(140,'TTTM AEON MALL Hà Đông',NULL,NULL,1,5,NULL,NULL),(141,'Bến xe Yên Nghĩa',NULL,NULL,1,5,NULL,NULL),(142,'KĐT Dương Nội',NULL,NULL,1,5,NULL,NULL),(143,'KĐT Kiến Hưng',NULL,NULL,1,5,NULL,NULL),(144,'Mê Linh Plaza Hà Đông',NULL,NULL,1,5,NULL,NULL),(145,'KĐT Thanh Hà',NULL,NULL,1,5,NULL,NULL),(146,'KĐT Mỗ Lao',NULL,NULL,1,5,NULL,NULL),(147,'Làng lụa Vạn Phúc',NULL,NULL,1,5,NULL,NULL),(148,'Viện Quân y 103 - trực thuộc Học viện Quân y',NULL,NULL,1,5,NULL,NULL),(149,'Viện bỏng Quốc gia',NULL,NULL,1,5,NULL,NULL),(150,'Bệnh viện Đa khoa Quận Hà Đông',NULL,NULL,1,5,NULL,NULL),(151,'Bệnh viện Công an Hà Nội',NULL,NULL,1,5,NULL,NULL),(152,'Bệnh viện Nhi thành phố Hà Nội (đang xây dựng tại Yên Nghĩa)',NULL,NULL,1,5,NULL,NULL),(153,'Bệnh viện Y học Cổ truyền Hà Đông',NULL,NULL,1,5,NULL,NULL),(154,'Bệnh viện Tuệ Tĩnh',NULL,NULL,1,5,NULL,NULL),(155,'Bệnh viện 09 Hà Đông',NULL,NULL,1,5,NULL,NULL),(156,'Bệnh viện Đa khoa 16A Hà Đông',NULL,NULL,1,5,NULL,NULL),(157,'Bệnh viện Mắt Hà Đông',NULL,NULL,1,5,NULL,NULL),(158,'Trung tâm Y tế dự phòng Hà Đông',NULL,NULL,1,5,NULL,NULL),(159,'Học viện Quân y ',NULL,NULL,1,5,NULL,NULL),(160,'Học viện Chính trị Quân sự ',NULL,NULL,1,5,NULL,NULL),(161,'Đại học Kiến trúc Hà Nội ',NULL,NULL,1,5,NULL,NULL),(162,'Học viện Công nghệ Bưu chính Viễn thông ',NULL,NULL,1,5,NULL,NULL),(163,'Học viện An ninh Nhân dân',NULL,NULL,1,5,NULL,NULL),(164,'Học viện Y dược học cổ truyền Việt Nam ',NULL,NULL,1,5,NULL,NULL),(165,'Đại học Sư phạm Nghệ thuật Trung ương',NULL,NULL,1,5,NULL,NULL),(166,'Trường Đại học Kiểm sát Hà Nội ',NULL,NULL,1,5,NULL,NULL),(167,'Trường Đại học Đại Nam ',NULL,NULL,1,5,NULL,NULL),(168,'Đại học PHENIKAA ',NULL,NULL,1,5,NULL,NULL),(169,'Cao đẳng Y tế Hà Đông',NULL,NULL,1,5,NULL,NULL),(170,'Cao đẳng Kinh tế',NULL,NULL,1,5,NULL,NULL),(171,'Vincom City Towers',NULL,NULL,1,6,NULL,NULL),(172,'Hồ Thiền Quang',NULL,NULL,1,6,NULL,NULL),(173,'Công viên Thống Nhất',NULL,NULL,1,6,NULL,NULL),(174,'Công viên Tuổi Trẻ',NULL,NULL,1,6,NULL,NULL),(175,'Chợ Hôm',NULL,NULL,1,6,NULL,NULL),(176,'Chợ Mơ',NULL,NULL,1,6,NULL,NULL),(177,'Chùa Liên Phái',NULL,NULL,1,6,NULL,NULL),(178,'Đình Đại',NULL,NULL,1,6,NULL,NULL),(179,'Chợ Giời (Hà Nội)',NULL,NULL,1,6,NULL,NULL),(180,'Nhà tang lễ Bộ Quốc phòng',NULL,NULL,1,6,NULL,NULL),(181,'Bệnh viện 108',NULL,NULL,1,6,NULL,NULL),(182,'Bệnh viện Hữu Nghị',NULL,NULL,1,6,NULL,NULL),(183,'Sân vận động Bách Khoa',NULL,NULL,1,6,NULL,NULL),(184,'Cầu Vĩnh Tuy',NULL,NULL,1,6,NULL,NULL),(185,'Cảng Phà Đen',NULL,NULL,1,6,NULL,NULL),(186,'Cảng Hà Nội',NULL,NULL,1,6,NULL,NULL),(187,'Sông Kim Ngưu',NULL,NULL,1,6,NULL,NULL),(188,'Đền Hai Bà Trưng',NULL,NULL,1,6,NULL,NULL),(189,'Nhà máy Dệt 8-3',NULL,NULL,1,6,NULL,NULL),(190,'Times City',NULL,NULL,1,6,NULL,NULL),(191,'Nhà thờ Hàm Long',NULL,NULL,1,6,NULL,NULL),(192,'Nhà hát Tuổi Trẻ',NULL,NULL,1,6,NULL,NULL),(193,'Chùa Đức Viên',NULL,NULL,1,6,NULL,NULL),(194,'Ruby Plaza',NULL,NULL,1,6,NULL,NULL),(195,'Khu đô thị Đầm Trấu',NULL,NULL,1,6,NULL,NULL),(196,'Khu đô thị Green Pearl Minh Khai',NULL,NULL,1,6,NULL,NULL),(197,'Trường Đại Học Kinh Tế - Kỹ thuật Công nghiệp',NULL,NULL,1,6,NULL,NULL),(198,'Đại học Bách Khoa Hà Nội',NULL,NULL,1,6,NULL,NULL),(199,'Đại học Xây dựng',NULL,NULL,1,6,NULL,NULL),(200,'Đại học Kinh tế Quốc dân',NULL,NULL,1,6,NULL,NULL),(201,'Viện Đại học Mở Hà Nội',NULL,NULL,1,6,NULL,NULL),(202,'Đại học Dân lập Phương Đông',NULL,NULL,1,6,NULL,NULL),(203,'Đại học Kinh doanh & Công nghệ Hà Nội',NULL,NULL,1,6,NULL,NULL),(204,'Bắc Bộ Phủ ',NULL,NULL,1,7,NULL,NULL),(205,'Nhà hát Lớn Hà Nội và Quảng trường 19-8',NULL,NULL,1,7,NULL,NULL),(206,'Hồ Hoàn Kiếm (Hồ Gươm)',NULL,NULL,1,7,NULL,NULL),(207,'Đền Ngọc Sơn',NULL,NULL,1,7,NULL,NULL),(208,'Tháp Rùa',NULL,NULL,1,7,NULL,NULL),(209,'Tháp Hòa Phong',NULL,NULL,1,7,NULL,NULL),(210,'Kem Tràng Tiền',NULL,NULL,1,7,NULL,NULL),(211,'Kem Hòa Bình',NULL,NULL,1,7,NULL,NULL),(212,'Bưu điện Hà Nội',NULL,NULL,1,7,NULL,NULL),(213,'Tượng đài Lý Thái Tổ',NULL,NULL,1,7,NULL,NULL),(214,'Nhà thờ Lớn',NULL,NULL,1,7,NULL,NULL),(215,'Chợ Đồng Xuân',NULL,NULL,1,7,NULL,NULL),(216,'Phố cổ',NULL,NULL,1,7,NULL,NULL),(217,'Chợ 19 tháng 12',NULL,NULL,1,7,NULL,NULL),(218,'Ngân hàng Nhà nước Việt Nam',NULL,NULL,1,7,NULL,NULL),(219,'Đền Bà Kiệu',NULL,NULL,1,7,NULL,NULL),(220,'Ô Quan Chưởng',NULL,NULL,1,7,NULL,NULL),(221,'Đền Lý Quốc Sư',NULL,NULL,1,7,NULL,NULL),(222,'Chùa Bà Đá',NULL,NULL,1,7,NULL,NULL),(223,'Chùa Quán Sứ',NULL,NULL,1,7,NULL,NULL),(224,'Cầu Long Biên',NULL,NULL,1,7,NULL,NULL),(225,'Cầu Chương Dương',NULL,NULL,1,7,NULL,NULL),(226,'Chợ Hàng Da',NULL,NULL,1,7,NULL,NULL),(227,'Nhà tù Hỏa Lò',NULL,NULL,1,7,NULL,NULL),(228,'Tràng Tiền Plaza (Cửa hàng Bách hóa Tổng hợp)',NULL,NULL,1,7,NULL,NULL),(229,'Rạp Công nhân',NULL,NULL,1,7,NULL,NULL),(230,'Quảng trường Đông Kinh Nghĩa Thục',NULL,NULL,1,7,NULL,NULL),(231,'Nhà thờ Lớn Hà Nội',NULL,NULL,1,7,NULL,NULL),(232,'Ga Long Biên.',NULL,NULL,1,7,NULL,NULL),(233,'Công viên Yên Sở',NULL,NULL,1,8,NULL,NULL),(234,'Nhà thờ Làng Tám Giáp Bát',NULL,NULL,1,8,NULL,NULL),(235,'Đình Tương Mai',NULL,NULL,1,8,NULL,NULL),(236,'Nhà thờ Nam Dư',NULL,NULL,1,8,NULL,NULL),(237,'Chùa Tứ Kỳ',NULL,NULL,1,8,NULL,NULL),(238,'Chùa Pháp Vân',NULL,NULL,1,8,NULL,NULL),(239,'Chùa Bằng (Linh tiên tự)',NULL,NULL,1,8,NULL,NULL),(240,'Chùa Sét (Đại bi tự), Thịnh Liệt',NULL,NULL,1,8,NULL,NULL),(241,'Công đồng Linh từ (Đền đức vua cha Bát Hải), 521 Trương Định',NULL,NULL,1,8,NULL,NULL),(242,'Đền Mẫu Đầm sen Đại Từ',NULL,NULL,1,8,NULL,NULL),(243,'Đền Lư Giang, khu Đền Lừ',NULL,NULL,1,8,NULL,NULL),(244,'Miếu Gàn Hoàng Liệt',NULL,NULL,1,8,NULL,NULL),(245,'Bến xe Giáp Bát',NULL,NULL,1,8,NULL,NULL),(246,'Bến xe Nước Ngầm',NULL,NULL,1,8,NULL,NULL),(247,'Mai Động',NULL,NULL,1,8,NULL,NULL),(248,'KĐT Linh Đàm',NULL,NULL,1,8,NULL,NULL),(249,'KĐT Pháp Vân Tứ Hiệp',NULL,NULL,1,8,NULL,NULL),(250,'Bến xe Gia Lâm',NULL,NULL,1,9,NULL,NULL),(251,'Trường Đại Học Thưng Long',NULL,NULL,1,9,NULL,NULL),(252,'TTTM AeonMALL Long Biên',NULL,NULL,1,9,NULL,NULL),(253,'Trường THPT Nguyễn Gia Thiều',NULL,NULL,1,9,NULL,NULL),(254,'Trường THPT Lê Văn Thiêm',NULL,NULL,1,9,NULL,NULL),(255,'Trường Phổ thông Song ngữ Liên cấp Quốc tế Wellspring',NULL,NULL,1,9,NULL,NULL),(256,'Trường THPT Lý Thường Kiệt',NULL,NULL,1,9,NULL,NULL),(257,'Trường THPT Thạch Bàn',NULL,NULL,1,9,NULL,NULL),(258,'Trường THPT Phúc Lợi',NULL,NULL,1,9,NULL,NULL),(259,'Trường Việt Pháp Alexandre Yersin - Ngọc Thuỵ',NULL,NULL,1,9,NULL,NULL),(260,'Trung tâm Hội nghị Quốc gia Việt Nam',NULL,NULL,1,10,NULL,NULL),(261,'Bảo tàng Hà Nội',NULL,NULL,1,10,NULL,NULL),(262,'Sân vận động quốc gia Mỹ Đình',NULL,NULL,1,10,NULL,NULL),(263,'Khu liên hợp thể thao quốc gia Mỹ Đình',NULL,NULL,1,10,NULL,NULL),(264,'Trung tâm huấn luyện thể thao quốc gia I',NULL,NULL,1,10,NULL,NULL),(265,'Bến xe Mỹ Đình',NULL,NULL,1,10,NULL,NULL),(266,'Công viên Mễ Trì',NULL,NULL,1,10,NULL,NULL),(267,'Công viên Mỹ Đình',NULL,NULL,1,10,NULL,NULL),(268,'Công viên Phùng Khoang',NULL,NULL,1,10,NULL,NULL),(269,'Đại lộ Thăng Long',NULL,NULL,1,10,NULL,NULL),(270,'Khu đô thị Mỹ Đình - Mễ Trì',NULL,NULL,1,10,NULL,NULL),(271,'Khu đô thị Mỹ Đình I',NULL,NULL,1,10,NULL,NULL),(272,'Khu đô thị Mỹ Đình II',NULL,NULL,1,10,NULL,NULL),(273,'Khu đô thị Cầu Diễn',NULL,NULL,1,10,NULL,NULL),(274,'Khu đô thị Đại Mỗ',NULL,NULL,1,10,NULL,NULL),(275,'Khu đô thị Tây Mỗ',NULL,NULL,1,10,NULL,NULL),(276,'Khu đô thị Phùng Khoang',NULL,NULL,1,10,NULL,NULL),(277,'Khu đô thị Trung Văn',NULL,NULL,1,10,NULL,NULL),(278,'Khu đô thị Mễ Trì Thượng',NULL,NULL,1,10,NULL,NULL),(279,'Khu đô thị Mễ Trì Hạ',NULL,NULL,1,10,NULL,NULL),(280,'Khu đô thị Xuân Phương Vigracera',NULL,NULL,1,10,NULL,NULL),(281,'Khu đô thị Xuân Phương Residence',NULL,NULL,1,10,NULL,NULL),(282,'Khu đô thị Foresa Xuân Phương Tasco',NULL,NULL,1,10,NULL,NULL),(283,'Khu đô thị Vinhomes Gardenia',NULL,NULL,1,10,NULL,NULL),(284,'Khu đô thị FLC Premier Park Đại Mỗ',NULL,NULL,1,10,NULL,NULL),(285,'Khu đô thị Louis City Đại Mỗ',NULL,NULL,1,10,NULL,NULL),(286,'Khu đô thị Five Star Mỹ Đình',NULL,NULL,1,10,NULL,NULL),(287,'Khu đô thị Vinhomes Green Bay Mễ Trì',NULL,NULL,1,10,NULL,NULL),(288,'Khu đô thị FLC Garden City',NULL,NULL,1,10,NULL,NULL),(289,'Khu đô thị Dream Town Tây Mỗ',NULL,NULL,1,10,NULL,NULL),(290,'Nhà thờ Phùng Khoang',NULL,NULL,1,10,NULL,NULL),(291,'Làng hoa Nghi Tàm',NULL,NULL,1,10,NULL,NULL),(292,'Làng đào Nhật Tân',NULL,NULL,1,10,NULL,NULL),(293,'Làng đào Phú Thượng',NULL,NULL,1,10,NULL,NULL),(294,'Hồ Tây',NULL,NULL,1,10,NULL,NULL),(295,'Chùa Bà Già',NULL,NULL,1,10,NULL,NULL),(296,'Phủ Tây Hồ',NULL,NULL,1,10,NULL,NULL),(297,'Công viên Hồ Tây',NULL,NULL,1,10,NULL,NULL),(298,'Hồ Quảng Bá',NULL,NULL,1,10,NULL,NULL),(299,'Chùa Tĩnh Lâu',NULL,NULL,1,10,NULL,NULL),(300,'Chùa Thiên Niên (Thiên niên cổ tự)',NULL,NULL,1,10,NULL,NULL),(301,'Chùa Vạn Niên',NULL,NULL,1,10,NULL,NULL),(302,'Chùa Tào Sách',NULL,NULL,1,10,NULL,NULL),(303,'Chùa Ức Niên',NULL,NULL,1,10,NULL,NULL),(304,'Đền Quán Thánh',NULL,NULL,1,10,NULL,NULL),(305,'Chùa Trấn Quốc',NULL,NULL,1,10,NULL,NULL),(306,'Nhà thờ Thượng Thuỵ',NULL,NULL,1,10,NULL,NULL),(307,'Nhà thờ An Thái',NULL,NULL,1,10,NULL,NULL),(308,'Khu đô thị Ciputra',NULL,NULL,1,10,NULL,NULL),(309,'Khu đô thị Phú Thượng',NULL,NULL,1,10,NULL,NULL),(310,'Khu đô thị Tây Hồ Tây',NULL,NULL,1,10,NULL,NULL),(311,'Khu đô thị Golden Westlake',NULL,NULL,1,10,NULL,NULL),(312,'Khu đô thị Officetel Vimefulland',NULL,NULL,1,10,NULL,NULL),(313,'Trường Đại học Phòng cháy chữa cháy',NULL,NULL,1,11,NULL,NULL),(314,'Trường Đại học Khoa học Tự nhiên, Đại học Quốc gia Hà Nội',NULL,NULL,1,11,NULL,NULL),(315,'Trường Đại học Khoa học Xã hội và Nhân văn, Đại học Quốc gia Hà Nội',NULL,NULL,1,11,NULL,NULL),(316,'Học viện Quản lý Giáo dục',NULL,NULL,1,11,NULL,NULL),(317,'Trường Đại học Hà Nội',NULL,NULL,1,11,NULL,NULL),(318,'Trường Đại học Công nghệ Giao thông Vận tải',NULL,NULL,1,11,NULL,NULL),(319,'Trường Đại học Sư phạm Nghệ thuật Trung ương',NULL,NULL,1,11,NULL,NULL),(320,'Royal City',NULL,NULL,1,11,NULL,NULL),(321,'Công Viên Thanh Xuân',NULL,NULL,1,11,NULL,NULL);
/*!40000 ALTER TABLE `location` ENABLE KEYS */;
UNLOCK TABLES;

--
-- Table structure for table `notification_apartment`
--

DROP TABLE IF EXISTS `notification_apartment`;
/*!40101 SET @saved_cs_client     = @@character_set_client */;
/*!50503 SET character_set_client = utf8mb4 */;
CREATE TABLE `notification_apartment` (
  `id` int(11) NOT NULL AUTO_INCREMENT,
  `context` text CHARACTER SET utf8 NOT NULL,
  `creat_at` datetime(6) NOT NULL DEFAULT CURRENT_TIMESTAMP(6),
  `apartmentId` int(11) DEFAULT NULL,
  `userCreateId` int(11) DEFAULT NULL,
  PRIMARY KEY (`id`),
  KEY `FK_1de9340773bae0ae6907b09c78d` (`apartmentId`),
  KEY `FK_3e2bee6ae3f58dc4d750828d4e8` (`userCreateId`),
  CONSTRAINT `FK_1de9340773bae0ae6907b09c78d` FOREIGN KEY (`apartmentId`) REFERENCES `apartment` (`id`) ON DELETE CASCADE ON UPDATE NO ACTION,
  CONSTRAINT `FK_3e2bee6ae3f58dc4d750828d4e8` FOREIGN KEY (`userCreateId`) REFERENCES `user` (`id`) ON DELETE CASCADE ON UPDATE NO ACTION
) ENGINE=InnoDB AUTO_INCREMENT=91 DEFAULT CHARSET=utf8mb4;
/*!40101 SET character_set_client = @saved_cs_client */;

--
-- Dumping data for table `notification_apartment`
--

LOCK TABLES `notification_apartment` WRITE;
/*!40000 ALTER TABLE `notification_apartment` DISABLE KEYS */;
INSERT INTO `notification_apartment` VALUES (2,'Owner đã thêm một bài đăng.','2020-12-28 06:18:57.478291',2,3),(3,'Một bài đăng đã của bạn đã được duyệt','2020-12-28 06:28:06.885609',2,1),(7,'Owner đã thêm một bài đăng.','2020-12-28 06:31:55.443899',3,3),(8,'Owner đã thêm một bài đăng.','2020-12-28 06:34:03.549148',4,3),(9,'Owner đã thêm một bài đăng.','2020-12-28 06:38:06.674141',5,3),(10,'Một bài đăng đã của bạn đã được duyệt','2020-12-28 06:38:21.667484',3,1),(11,'Một bài đăng đã của bạn đã được duyệt','2020-12-28 06:38:37.084353',4,1),(12,'Một bài đăng đã của bạn đã được duyệt','2020-12-28 06:38:37.867186',5,1),(13,'Owner đã thêm một bài đăng.','2020-12-28 06:42:43.141539',6,3),(14,'Owner đã thêm một bài đăng.','2020-12-28 06:56:27.629014',7,3),(15,'Owner đã thêm một bài đăng.','2020-12-28 06:58:06.445858',8,3),(16,'Một bài đăng đã của bạn đã được duyệt','2020-12-28 06:58:45.376193',6,1),(17,'Một bài đăng đã của bạn đã được duyệt','2020-12-28 06:58:46.623389',7,1),(18,'Một bài đăng đã của bạn đã được duyệt','2020-12-28 06:58:47.621424',8,1),(19,'Owner đã thêm một bài đăng.','2020-12-28 06:59:10.894849',9,3),(23,'Một bài đăng đã của bạn đã được duyệt','2020-12-28 07:03:54.094467',9,1),(24,'Owner đã thêm một bài đăng.','2020-12-28 07:06:18.926090',10,3),(25,'Một bài đăng đã của bạn đã được duyệt','2020-12-28 07:06:53.313039',10,1),(26,'Owner đã thêm một bài đăng.','2020-12-28 07:07:29.449574',11,3),(28,'Owner đã thêm một bài đăng.','2020-12-28 07:09:23.288974',12,3),(29,'Tài khoản của bạn đã được phê duyệt. Giờ đây, bạn có thể đăng tin các bài cho thuê phòng trọ.','2020-12-28 07:10:06.776062',NULL,2),(30,'Tài khoản của bạn đã được phê duyệt. Giờ đây, bạn có thể đăng tin các bài cho thuê phòng trọ.','2020-12-28 07:10:09.754036',NULL,2),(31,'Một bài đăng đã của bạn đã được duyệt','2020-12-28 07:10:39.090510',11,1),(32,'Một bài đăng đã của bạn đã được duyệt','2020-12-28 07:10:40.272419',12,1),(33,'Renter2 đã thêm một bài đăng.','2020-12-28 07:12:52.984534',13,5),(34,'Một bài đăng đã của bạn đã được duyệt','2020-12-28 07:13:14.404999',13,1),(35,'duy kien  đã bình luận bài đăng của Renter2','2020-12-28 07:15:00.392584',13,6),(36,'Renter2 đã thêm một bài đăng.','2020-12-28 07:16:41.691124',14,5),(37,'Owner đã thêm một bài đăng.','2020-12-28 07:18:23.221314',15,3),(38,'Renter2 đã thêm một bài đăng.','2020-12-28 07:18:25.401091',16,5),(39,'Owner3 đã thêm một bài đăng.','2020-12-28 07:19:57.616635',17,7),(40,'Owner3 đã thêm một bài đăng.','2020-12-28 07:21:41.666244',18,7),(41,'Owner đã thêm một bài đăng.','2020-12-28 07:23:04.439935',19,3),(42,'Owner3 đã thêm một bài đăng.','2020-12-28 07:23:24.498813',20,7),(43,'Một bài đăng đã của bạn đã được duyệt','2020-12-28 07:23:53.126291',14,1),(44,'Một bài đăng đã của bạn đã được duyệt','2020-12-28 07:23:54.642995',15,1),(45,'Một bài đăng đã của bạn đã được duyệt','2020-12-28 07:23:56.238454',16,1),(46,'Một bài đăng đã của bạn đã được duyệt','2020-12-28 07:23:58.007977',17,1),(47,'Một bài đăng đã của bạn đã được duyệt','2020-12-28 07:23:59.706648',18,1),(48,'Một bài đăng đã của bạn đã được duyệt','2020-12-28 07:24:08.228617',19,1),(49,'Một bài đăng đã của bạn đã được duyệt','2020-12-28 07:24:09.601906',20,1),(50,'OwnerNTT đã thêm một bài đăng.','2020-12-28 07:24:47.113505',21,5),(51,'Tài khoản của bạn đã được phê duyệt. Giờ đây, bạn có thể đăng tin các bài cho thuê phòng trọ.','2020-12-28 07:25:38.325013',NULL,2),(52,'duy kien  đã bình luận về bài viết của bạn.','2020-12-28 07:25:49.236836',13,1),(54,'Một bài đăng đã của bạn đã được duyệt','2020-12-28 07:25:57.723908',21,1),(55,'OwnerNTT đã bình luận bài đăng của Owner','2020-12-28 08:07:01.179072',6,5),(56,'OwnerNTT đã bình luận về bài viết của bạn.','2020-12-28 08:09:09.351493',6,3),(57,'OwnerNTT đã thêm một bài đăng.','2020-12-28 08:51:18.909169',22,5),(58,'OwnerNTT đã thêm một bài đăng.','2020-12-28 08:54:54.296385',23,5),(59,'Manager đã bình luận bài đăng của OwnerNTT','2020-12-28 09:10:24.475098',21,1),(60,'OwnerNTT đã thêm một bài đăng.','2020-12-28 10:07:25.465803',24,5),(61,'OwnerNTT đã thêm một bài đăng.','2020-12-28 10:10:24.334012',25,5),(62,'OwnerNTT đã thêm một bài đăng.','2020-12-28 10:13:57.473365',26,5),(63,'OwnerNTT đã thêm một bài đăng.','2020-12-28 10:15:52.442735',27,5),(64,'OwnerNTT đã thêm một bài đăng.','2020-12-28 10:18:15.627360',28,5),(65,'Một bài đăng đã của bạn đã được duyệt','2020-12-28 10:19:11.109735',22,1),(66,'Một bài đăng đã của bạn đã được duyệt','2020-12-28 10:19:12.683623',23,1),(67,'Một bài đăng đã của bạn đã được duyệt','2020-12-28 10:19:14.691312',24,1),(68,'Một bài đăng đã của bạn đã được duyệt','2020-12-28 10:19:17.503203',25,1),(69,'Một bài đăng đã của bạn đã được duyệt','2020-12-28 10:19:20.185572',26,1),(70,'Tài khoản của bạn đã được phê duyệt. Giờ đây, bạn có thể đăng tin các bài cho thuê phòng trọ.','2020-12-28 11:41:25.133857',NULL,2),(71,'Nhà trọ đã thêm một bài đăng.','2020-12-28 11:47:55.043086',29,8),(72,'Một bài đăng đã của bạn đã được duyệt','2020-12-28 11:56:51.133263',29,1),(73,'Nhà trọ đã thêm một bài đăng.','2020-12-28 12:27:27.351525',30,8),(74,'renter đã bình luận bài đăng của Nhà trọ','2020-12-28 12:49:18.598018',29,10),(75,'Nhà trọ đã thêm một bài đăng.','2020-12-28 12:53:26.887279',31,8),(76,'Một bài đăng đã của bạn đã được duyệt','2020-12-28 12:57:47.155125',31,1),(77,'Một bài đăng đã của bạn đã được duyệt','2020-12-28 12:58:50.630671',27,1),(78,'Một bài đăng đã của bạn đã được duyệt','2020-12-28 12:59:03.863391',30,1),(79,'Tài khoản của bạn đã được phê duyệt. Giờ đây, bạn có thể đăng tin các bài cho thuê phòng trọ.','2020-12-28 12:59:40.519210',NULL,2),(80,'renter đã bình luận về bài viết của bạn.','2020-12-28 12:59:59.445379',29,1),(81,'Nhà trọ đã báo cáo bài đăng của Nhà trọ','2020-12-28 13:00:58.849619',29,8),(82,'renter đã báo cáo bài đăng của Nhà trọ','2020-12-30 02:26:38.895112',29,10),(83,'Manager đã bình luận về bài viết của bạn.','2020-12-30 02:27:09.556950',21,1),(84,'Manager đã bình luận về bài viết của bạn.','2020-12-30 02:27:11.546078',21,1),(85,'renter đã bình luận bài đăng của Nhà trọ','2020-12-30 02:27:44.544253',29,10),(86,'renter đã bình luận về bài viết của bạn.','2020-12-30 02:27:49.741192',29,1),(87,'Manager đã bình luận bài đăng của Nhà trọ','2021-04-24 14:56:11.006379',31,1),(88,'Nhà trọ đã báo cáo bài đăng của Nhà trọ','2021-04-24 15:04:52.078971',30,8),(89,'Nhà trọ đã thêm một bài đăng.','2021-08-04 23:11:19.776402',32,8),(90,'Một bài đăng đã của bạn đã được duyệt','2021-08-04 23:11:36.394734',32,1);
/*!40000 ALTER TABLE `notification_apartment` ENABLE KEYS */;
UNLOCK TABLES;

--
-- Table structure for table `notification_apartment_user_seen_user`
--

DROP TABLE IF EXISTS `notification_apartment_user_seen_user`;
/*!40101 SET @saved_cs_client     = @@character_set_client */;
/*!50503 SET character_set_client = utf8mb4 */;
CREATE TABLE `notification_apartment_user_seen_user` (
  `notificationApartmentId` int(11) NOT NULL,
  `userId` int(11) NOT NULL,
  PRIMARY KEY (`notificationApartmentId`,`userId`),
  KEY `IDX_9308a5ea8a530fe543d76e270c` (`notificationApartmentId`),
  KEY `IDX_216f254573d4a13bbf3f38cb56` (`userId`),
  CONSTRAINT `FK_216f254573d4a13bbf3f38cb56b` FOREIGN KEY (`userId`) REFERENCES `user` (`id`) ON DELETE CASCADE ON UPDATE NO ACTION,
  CONSTRAINT `FK_9308a5ea8a530fe543d76e270cc` FOREIGN KEY (`notificationApartmentId`) REFERENCES `notification_apartment` (`id`) ON DELETE CASCADE ON UPDATE NO ACTION
) ENGINE=InnoDB DEFAULT CHARSET=utf8mb4;
/*!40101 SET character_set_client = @saved_cs_client */;

--
-- Dumping data for table `notification_apartment_user_seen_user`
--

LOCK TABLES `notification_apartment_user_seen_user` WRITE;
/*!40000 ALTER TABLE `notification_apartment_user_seen_user` DISABLE KEYS */;
INSERT INTO `notification_apartment_user_seen_user` VALUES (3,3),(10,3),(11,3),(12,3),(16,3),(17,3),(18,3),(23,3),(25,3),(29,3),(30,5),(31,3),(32,3),(34,5),(43,5),(44,3),(45,5),(48,3),(52,5),(54,5),(56,3),(65,5),(70,8),(71,1),(72,8),(74,1),(75,1),(78,8),(81,1),(86,8),(88,1);
/*!40000 ALTER TABLE `notification_apartment_user_seen_user` ENABLE KEYS */;
UNLOCK TABLES;

--
-- Table structure for table `notification_apartment_user_subscribe_user`
--

DROP TABLE IF EXISTS `notification_apartment_user_subscribe_user`;
/*!40101 SET @saved_cs_client     = @@character_set_client */;
/*!50503 SET character_set_client = utf8mb4 */;
CREATE TABLE `notification_apartment_user_subscribe_user` (
  `notificationApartmentId` int(11) NOT NULL,
  `userId` int(11) NOT NULL,
  PRIMARY KEY (`notificationApartmentId`,`userId`),
  KEY `IDX_d41828a877d4a338f5fe936ed7` (`notificationApartmentId`),
  KEY `IDX_345929627b9584c4b7acd97968` (`userId`),
  CONSTRAINT `FK_345929627b9584c4b7acd979687` FOREIGN KEY (`userId`) REFERENCES `user` (`id`) ON DELETE CASCADE ON UPDATE NO ACTION,
  CONSTRAINT `FK_d41828a877d4a338f5fe936ed7b` FOREIGN KEY (`notificationApartmentId`) REFERENCES `notification_apartment` (`id`) ON DELETE CASCADE ON UPDATE NO ACTION
) ENGINE=InnoDB DEFAULT CHARSET=utf8mb4;
/*!40101 SET character_set_client = @saved_cs_client */;

--
-- Dumping data for table `notification_apartment_user_subscribe_user`
--

LOCK TABLES `notification_apartment_user_subscribe_user` WRITE;
/*!40000 ALTER TABLE `notification_apartment_user_subscribe_user` DISABLE KEYS */;
INSERT INTO `notification_apartment_user_subscribe_user` VALUES (2,1),(2,2),(3,3),(7,1),(7,2),(8,1),(8,2),(9,1),(9,2),(10,3),(11,3),(12,3),(13,1),(13,2),(14,1),(14,2),(15,1),(15,2),(16,3),(17,3),(18,3),(19,1),(19,2),(23,3),(24,1),(24,2),(25,3),(26,1),(26,2),(28,1),(28,2),(29,3),(30,5),(31,3),(32,3),(33,1),(33,2),(34,5),(35,1),(35,2),(36,1),(36,2),(37,1),(37,2),(38,1),(38,2),(39,1),(39,2),(40,1),(40,2),(41,1),(41,2),(42,1),(42,2),(43,5),(44,3),(45,5),(46,7),(47,7),(48,3),(49,7),(50,1),(50,2),(51,7),(52,5),(54,5),(55,1),(55,2),(56,3),(57,1),(57,2),(58,1),(58,2),(59,1),(59,2),(60,1),(60,2),(61,1),(61,2),(62,1),(62,2),(63,1),(63,2),(64,1),(64,2),(65,5),(66,5),(67,5),(68,5),(69,5),(70,8),(71,1),(71,2),(72,8),(73,1),(73,2),(74,1),(74,2),(75,1),(75,2),(76,8),(77,5),(78,8),(79,9),(80,8),(81,1),(81,2),(82,1),(82,2),(83,5),(84,5),(85,1),(85,2),(86,8),(87,1),(87,2),(88,1),(88,2),(89,1),(89,2),(90,8);
/*!40000 ALTER TABLE `notification_apartment_user_subscribe_user` ENABLE KEYS */;
UNLOCK TABLES;

--
-- Table structure for table `price`
--

DROP TABLE IF EXISTS `price`;
/*!40101 SET @saved_cs_client     = @@character_set_client */;
/*!50503 SET character_set_client = utf8mb4 */;
CREATE TABLE `price` (
  `id` int(11) NOT NULL AUTO_INCREMENT,
  `code` varchar(30) NOT NULL,
  `name` varchar(30) NOT NULL,
  `time` int(11) NOT NULL DEFAULT '0',
  `price` int(11) NOT NULL DEFAULT '0',
  PRIMARY KEY (`id`),
  UNIQUE KEY `IDX_00b1d530871c1863ad4fbd51a1` (`code`),
  UNIQUE KEY `IDX_6823c2fae982997285fae25283` (`name`)
) ENGINE=InnoDB AUTO_INCREMENT=6 DEFAULT CHARSET=utf8mb4;
/*!40101 SET character_set_client = @saved_cs_client */;

--
-- Dumping data for table `price`
--

LOCK TABLES `price` WRITE;
/*!40000 ALTER TABLE `price` DISABLE KEYS */;
INSERT INTO `price` VALUES (1,'1W','1 Tuần',7,100000),(2,'2W','2 Tuần',14,195000),(3,'3W','3 Tuần',21,270000),(4,'1T','30 ngày',30,350000),(5,'2T','60 ngày',60,600000);
/*!40000 ALTER TABLE `price` ENABLE KEYS */;
UNLOCK TABLES;

--
-- Table structure for table `province`
--

DROP TABLE IF EXISTS `province`;
/*!40101 SET @saved_cs_client     = @@character_set_client */;
/*!50503 SET character_set_client = utf8mb4 */;
CREATE TABLE `province` (
  `id` int(11) NOT NULL AUTO_INCREMENT,
  `code` varchar(10) NOT NULL,
  `name` varchar(255) CHARACTER SET utf8 NOT NULL,
  PRIMARY KEY (`id`),
  UNIQUE KEY `IDX_3288dfa18d390ed33b359fc041` (`code`)
) ENGINE=InnoDB AUTO_INCREMENT=2 DEFAULT CHARSET=utf8mb4;
/*!40101 SET character_set_client = @saved_cs_client */;

--
-- Dumping data for table `province`
--

LOCK TABLES `province` WRITE;
/*!40000 ALTER TABLE `province` DISABLE KEYS */;
INSERT INTO `province` VALUES (1,'0001','TP Hà Nội');
/*!40000 ALTER TABLE `province` ENABLE KEYS */;
UNLOCK TABLES;

--
-- Table structure for table `role`
--

DROP TABLE IF EXISTS `role`;
/*!40101 SET @saved_cs_client     = @@character_set_client */;
/*!50503 SET character_set_client = utf8mb4 */;
CREATE TABLE `role` (
  `id` int(11) NOT NULL AUTO_INCREMENT,
  `code` varchar(30) NOT NULL,
  `name` varchar(30) NOT NULL,
  `description` varchar(255) DEFAULT NULL,
  `isApproveApartment` tinyint(4) DEFAULT '0',
  `isApproveUser` tinyint(4) DEFAULT '0',
  `isApproveComment` tinyint(4) DEFAULT '0',
  `isCreateApartment` tinyint(4) DEFAULT '0',
  `isEditApartment` tinyint(4) DEFAULT '0',
  `isCreateOrEditComment` tinyint(4) DEFAULT '0',
  `isReport` tinyint(4) DEFAULT '0',
  `isManager` tinyint(4) DEFAULT '0',
  `create_at` datetime(6) NOT NULL DEFAULT CURRENT_TIMESTAMP(6),
  `update_at` datetime(6) NOT NULL DEFAULT CURRENT_TIMESTAMP(6),
  `delete_at` datetime(6) DEFAULT NULL,
  PRIMARY KEY (`id`),
  UNIQUE KEY `IDX_ee999bb389d7ac0fd967172c41` (`code`),
  UNIQUE KEY `IDX_ae4578dcaed5adff96595e6166` (`name`)
) ENGINE=InnoDB AUTO_INCREMENT=5 DEFAULT CHARSET=utf8mb4;
/*!40101 SET character_set_client = @saved_cs_client */;

--
-- Dumping data for table `role`
--

LOCK TABLES `role` WRITE;
/*!40000 ALTER TABLE `role` DISABLE KEYS */;
INSERT INTO `role` VALUES (1,'MNG','manager',NULL,1,1,1,0,1,1,0,1,'2020-12-28 05:50:14.316000','2020-12-28 05:50:14.316000',NULL),(2,'O','Owner',NULL,0,0,1,1,1,1,1,0,'2020-12-28 05:50:14.325000','2020-12-28 05:50:14.325000',NULL),(3,'A','admin',NULL,1,1,1,0,1,1,0,1,'2020-12-28 05:50:14.327000','2020-12-28 05:50:14.327000',NULL),(4,'R','renter',NULL,0,0,0,0,0,1,0,0,'2020-12-28 05:50:14.326000','2020-12-28 05:50:14.326000',NULL);
/*!40000 ALTER TABLE `role` ENABLE KEYS */;
UNLOCK TABLES;

--
-- Table structure for table `street`
--

DROP TABLE IF EXISTS `street`;
/*!40101 SET @saved_cs_client     = @@character_set_client */;
/*!50503 SET character_set_client = utf8mb4 */;
CREATE TABLE `street` (
  `id` int(11) NOT NULL AUTO_INCREMENT,
  `code` varchar(20) NOT NULL,
  `name` varchar(25) CHARACTER SET utf8 NOT NULL,
  `districtsId` int(11) DEFAULT NULL,
  PRIMARY KEY (`id`),
  UNIQUE KEY `IDX_f98f404542190ee497e7936570` (`code`),
  KEY `FK_8dc275bbcff5099829ca2468744` (`districtsId`),
  CONSTRAINT `FK_8dc275bbcff5099829ca2468744` FOREIGN KEY (`districtsId`) REFERENCES `district` (`id`) ON DELETE NO ACTION ON UPDATE NO ACTION
) ENGINE=InnoDB AUTO_INCREMENT=978 DEFAULT CHARSET=utf8mb4;
/*!40101 SET character_set_client = @saved_cs_client */;

--
-- Dumping data for table `street`
--

LOCK TABLES `street` WRITE;
/*!40000 ALTER TABLE `street` DISABLE KEYS */;
INSERT INTO `street` VALUES (1,'0001','Bưởi',3),(2,'0002','Cầu Giấy',3),(3,'0003','Chùa Hà',3),(4,'0004','Đặng Thùy Trâm',3),(5,'0005','Dịch Vọng',3),(6,'0006','Dịch Vọng Hậu',3),(7,'0007','Đinh Núp',3),(8,'0008','Đỗ Quang',3),(9,'0009','Doãn Kế Thiện',3),(10,'0010','Dương Đình Nghệ',3),(11,'0011','Dương Khuê',3),(12,'0012','Dương Quảng Hàm',3),(13,'0013','Duy Tân',3),(14,'0014','Đại lộ Thăng Long',3),(15,'0015','Hồ Tùng Mậu',3),(16,'0016','Hoa Bằng',3),(17,'0017','Hoàng Đạo Thúy',3),(18,'0018','Hoàng Minh Giám',3),(19,'0019','Hoàng Ngân',3),(20,'0020','Hoàng Quốc Việt',3),(21,'0021','Hoàng Sâm',3),(22,'0022','Khuất Duy Tiến',3),(23,'0023','Khúc Thừa Dụ',3),(24,'0024','Lạc Long Quân',3),(25,'0025','Lê Đức Thọ',3),(26,'0026','Lê Văn Lương',3),(27,'0027','Mạc Thái Tổ',3),(28,'0028','Mạc Thái Tông',3),(29,'0029','Mai Dịch',3),(30,'0030','Nghĩa Đô',3),(31,'0031','Nghĩa Tân',3),(32,'0032','Nguyễn Chánh',3),(33,'0033','Nguyễn Đình Hoàn',3),(34,'0034','Nguyễn Đỗ Cung',3),(35,'0035','Nguyễn Khả Trạc',3),(36,'0036','Nguyễn Khang',3),(37,'0037','Nguyễn Khánh Toàn',3),(38,'0038','Nguyễn Ngọc Vũ',3),(39,'0039','Nguyễn Phong Sắc',3),(40,'0040','Nguyễn Quốc Trị',3),(41,'0041','Nguyễn Thị Định',3),(42,'0042','Nguyễn Thị Thập',3),(43,'0043','Nguyễn Văn Huyên',3),(44,'0044','Nguyễn Xuân Linh',3),(45,'0045','Phạm Hùng',3),(46,'0046','Phạm Thận Duật',3),(47,'0047','Phạm Tuấn Tài',3),(48,'0048','Phạm Văn Bạch',3),(49,'0049','Phạm Văn Đồng',3),(50,'0050','Phan Văn Trường',3),(51,'0051','Phùng Chí Kiên',3),(52,'0052','Quan Hoa',3),(53,'0053','Quan Nhân',3),(54,'0054','Thành Thái',3),(55,'0055','Thọ Tháp',3),(56,'0056','Tô Hiệu',3),(57,'0057','Tôn Thất Thuyết',3),(58,'0058','Trần Bình',3),(59,'0059','Trần Cung',3),(60,'0060','Trần Đăng Ninh',3),(61,'0061','Trần Duy Hưng',3),(62,'0062','Trần Kim Xuyến',3),(63,'0063','Trần Quốc Hoàn',3),(64,'0064','Trần Quốc Vượng',3),(65,'0065','Trần Quý Kiên',3),(66,'0066','Trần Thái Tông',3),(67,'0067','Trần Tử Bình',3),(68,'0068','Trần Vỹ',3),(69,'0069','Trung Hòa',3),(70,'0070','Trung Kính',3),(71,'0071','Trương Công Giai',3),(72,'0072','Tú Mỡ',3),(73,'0073','Võ Chí Công',3),(74,'0074','Vũ Phạm Hàm',3),(75,'0075','Xuân Thủy',3),(76,'0076','Yên Hòa',3),(77,'0077','An Xá',1),(78,'0078','Bà Huyện Thanh Quan',1),(79,'0079','Bắc Sơn',1),(80,'0080','Bưởi',1),(81,'0081','Cao Bá Quát',1),(82,'0082','Cầu Giấy',1),(83,'0083','Châu Long',1),(84,'0084','Chu Văn An',1),(85,'0085','Chùa Một Cột',1),(86,'0086','Cửa Bắc',1),(87,'0087','Đặng Dung',1),(88,'0088','Đặng Tất',1),(89,'0089','Đào Tấn',1),(90,'0090','Điện Biên Phủ',1),(91,'0091','Độc Lập',1),(92,'0092','Đốc Ngữ',1),(93,'0093','Đội Cấn',1),(94,'0094','Đội Nhân',1),(95,'0095','Giang Văn Minh',1),(96,'0096','Giảng Võ',1),(97,'0097','Hàng Bún',1),(98,'0098','Hàng Đậu',1),(99,'0099','Hàng Than',1),(100,'0100','Hoàng Diệu',1),(101,'0101','Hoàng Hoa Thám',1),(102,'0102','Hoàng Văn Thụ',1),(103,'0103','Hòe Nhai',1),(104,'0104','Hồng Hà',1),(105,'0105','Hồng Phúc',1),(106,'0106','Hùng Vương',1),(107,'0107','Huỳnh Thúc Kháng',1),(108,'0108','Khúc Hạo',1),(109,'0109','Kim Mã',1),(110,'0110','Kim Mã Thượng',1),(111,'0111','La Thành',1),(112,'0112','Lạc Chính',1),(113,'0113','Láng Hạ',1),(114,'0114','Lê Duẩn',1),(115,'0115','Lê Hồng Phong',1),(116,'0116','Lê Trực',1),(117,'0117','Liễu Giai',1),(118,'0118','Linh Lang',1),(119,'0119','Lý Nam Đế',1),(120,'0120','Mạc Đĩnh Chi',1),(121,'0121','Mai Anh Tuấn',1),(122,'0122','Nam Cao',1),(123,'0123','Nam Tràng',1),(124,'0124','Nghĩa Dũng',1),(125,'0125','Ngọc Hà',1),(126,'0126','Ngọc Khánh',1),(127,'0127','Ngũ Xã',1),(128,'0128','Nguyễn Biểu',1),(129,'0129','Nguyễn Cảnh Chân',1),(130,'0130','Nguyễn Chí Thanh',1),(131,'0131','Nguyễn Công Hoan',1),(132,'0132','Nguyên Hồng',1),(133,'0133','Nguyễn Khắc Hiếu',1),(134,'0134','Nguyễn Khắc Nhu',1),(135,'0135','Nguyễn Phạm Tuân',1),(136,'0136','Nguyễn Thái Học',1),(137,'0137','Nguyễn Thiếp',1),(138,'0138','Nguyễn Tri Phương',1),(139,'0139','Nguyễn Trung Trực',1),(140,'0140','Nguyễn Trường Tộ',1),(141,'0141','Nguyễn Văn Ngọc',1),(142,'0142','Núi Trúc',1),(143,'0143','Ông Ích Khiêm',1),(144,'0144','Phạm Hồng Thái',1),(145,'0145','Phạm Huy Thông',1),(146,'0146','Phan Đình Phùng',1),(147,'0147','Phan Huy Ích',1),(148,'0148','Phan Kế Bính',1),(149,'0149','Phó Đức Chính',1),(150,'0150','Phúc Xá',1),(151,'0151','Quần Ngựa',1),(152,'0152','Quán Thánh',1),(153,'0153','Sơn Tây',1),(154,'0154','Tân Ấp',1),(155,'0155','Thanh Bảo',1),(156,'0156','Thành Công',1),(157,'0157','Thanh Niên',1),(158,'0158','Tôn Thất Đàm',1),(159,'0159','Tôn Thất Thiệp',1),(160,'0160','Trần Huy Liệu',1),(161,'0161','Trần Phú',1),(162,'0162','Trần Tế Xương',1),(163,'0163','Trấn Vũ',1),(164,'0164','Trúc Bạch',1),(165,'0165','Vạn Bảo',1),(166,'0166','Văn Cao',1),(167,'0167','Vạn Phúc',1),(168,'0168','Vĩnh Phúc',1),(169,'0169','Yên Ninh',1),(170,'0170','Yên Phụ',1),(171,'0171','Yên Thế',1),(172,'0172','An Dương Vương',2),(173,'0173','Cầu Diễn',2),(174,'0174','Cầu Noi',2),(175,'0175','Châu Đài',2),(176,'0176','Cổ Nhuế',2),(177,'0177','Đăm',2),(178,'0178','Đặng Thùy Trâm',2),(179,'0179','Đình Quán',2),(180,'0180','Đỗ Nhuận',2),(181,'0181','Đông Ngạc',2),(182,'0182','Đông Thắng',2),(183,'0183','Đức Diễn',2),(184,'0184','Đức Thắng',2),(185,'0185','Hồ Tùng Mậu',2),(186,'0186','Hoàng Công Chất',2),(187,'0187','Hoàng Liên',2),(188,'0188','Hoàng Quốc Việt',2),(189,'0189','Hoàng Tăng Bí',2),(190,'0190','Kẻ Vẽ',2),(191,'0191','Kiều Mai',2),(192,'0192','Kỳ Vũ',2),(193,'0193','Lê Văn Hiến',2),(194,'0194','Liên Mạc',2),(195,'0195','Lộc',2),(196,'0196','Mạc Xá',2),(197,'0197','Ngọa Long',2),(198,'0198','Nguyễn Đình Tứ',2),(199,'0199','Nguyễn Hoàng Tôn',2),(200,'0200','Nguyên Xá',2),(201,'0201','Nguyễn Xuân Khoát',2),(202,'0202','Nhật Tảo',2),(203,'0203','Nhổn',2),(204,'0204','Phạm Tuấn Tài',2),(205,'0205','Phạm Văn Đồng',2),(206,'0206','Phan Bá Vành',2),(207,'0207','Phú Diễn',2),(208,'0208','Phú Kiều',2),(209,'0209','Phú Minh',2),(210,'0210','Phúc Diễn',2),(211,'0211','Phúc Minh',2),(212,'0212','Sùng Khang',2),(213,'0213','Tân Dân',2),(214,'0214','Tân Nhuệ',2),(215,'0215','Tân Phong',2),(216,'0216','Tân Xuân',2),(217,'0217','Tây Đăm',2),(218,'0218','Tây Tựu',2),(219,'0219','Thanh Lâm',2),(220,'0220','Thượng Cát',2),(221,'0221','Thụy Phương',2),(222,'0222','Tôn Quang Phiệt',2),(223,'0223','Trần Cung',2),(224,'0224','Trung Kiên',2),(225,'0225','Trung Tựu',2),(226,'0226','Văn Hội',2),(227,'0227','Văn Tiến Dũng',2),(228,'0228','Văn Trì',2),(229,'0229','Viên',2),(230,'0230','Võ Quý Huân',2),(231,'0231','Xuân Đỉnh',2),(232,'0232','Xuân Phương',2),(233,'0233','Yên Nội',2),(234,'0234','An Trạch',4),(235,'0235','Bích Câu',4),(236,'0236','Cát Linh',4),(237,'0237','Cầu Giấy',4),(238,'0238','Cầu Mới',4),(239,'0239','Chợ Khâm Thiên',4),(240,'0240','Chùa Bộc',4),(241,'0241','Chùa Láng',4),(242,'0242','Đặng Tiến Đông',4),(243,'0243','Đặng Trần Côn',4),(244,'0244','Đặng Văn Ngữ',4),(245,'0245','Đào Duy Anh',4),(246,'0246','Đoàn Thị Điểm',4),(247,'0247','Đông Các',4),(248,'0248','Đông Tác',4),(249,'0249','Giải Phóng',4),(250,'0250','Giảng Võ',4),(251,'0251','Hàng Cháo',4),(252,'0252','Hào Nam',4),(253,'0253','Hồ Đắc Di',4),(254,'0254','Hồ Giám',4),(255,'0255','Hoàng Cầu',4),(256,'0256','Hoàng Ngọc Phách',4),(257,'0257','Hoàng Tích Trí',4),(258,'0258','Huỳnh Thúc Kháng',4),(259,'0259','Khâm Thiên',4),(260,'0260','Khương Thượng',4),(261,'0261','Kim Hoa',4),(262,'0262','La Thành',4),(263,'0263','Láng',4),(264,'0264','Láng Hạ',4),(265,'0265','Lê Duẩn',4),(266,'0266','Lương Định Của',4),(267,'0267','Lý Văn Phức',4),(268,'0268','Mai Anh Tuấn',4),(269,'0269','Nam Đồng',4),(270,'0270','Ngô Sĩ Liên',4),(271,'0271','Ngô Tất Tố',4),(272,'0272','Nguyễn Chí Thanh',4),(273,'0273','Nguyên Hồng',4),(274,'0274','Nguyễn Khuyến',4),(275,'0275','Nguyễn Lương Bằng',4),(276,'0276','Nguyễn Ngọc Doãn',4),(277,'0277','Nguyễn Như Đổ',4),(278,'0278','Nguyễn Phúc Lai',4),(279,'0279','Nguyễn Thái Học',4),(280,'0280','Nguyễn Trãi',4),(281,'0281','Nguyễn Văn Tuyết',4),(282,'0282','Ô Chợ Dừa',4),(283,'0283','Ô Đồng Lầm',4),(284,'0284','Phạm Ngọc Thạch',4),(285,'0285','Phan Phù Tiên',4),(286,'0286','Phan Văn Trị',4),(287,'0287','Pháo Đài Láng',4),(288,'0288','Phương Mai',4),(289,'0289','Quốc Tử Giám',4),(290,'0290','Tam Khương',4),(291,'0291','Tây Sơn',4),(292,'0292','Thái Hà',4),(293,'0293','Thái Thịnh',4),(294,'0294','Tôn Đức Thắng',4),(295,'0295','Tôn Thất Tùng',4),(296,'0296','Trần Hữu Tước',4),(297,'0297','Trần Quang Diệu',4),(298,'0298','Trần Quý Cáp',4),(299,'0299','Trịnh Hoài Đức',4),(300,'0300','Trúc Khê',4),(301,'0301','Trung Liệt',4),(302,'0302','Trung Phụng',4),(303,'0303','Trường Chinh',4),(304,'0304','Văn Miếu',4),(305,'0305','Vĩnh Hồ',4),(306,'0306','Võ Văn Dũng',4),(307,'0307','Vọng',4),(308,'0308','Vũ Ngọc Phan',4),(309,'0309','Vũ Thạnh',4),(310,'0310','Xã Đàn',4),(311,'0311','Y Miếu',4),(312,'0312','Yên Lãng',4),(313,'0313','Đường 19-5',5),(314,'0314','Phố An Hòa',5),(315,'0315','Phố Ao Sen',5),(316,'0316','Phố Ba La',5),(317,'0317','Phố Bà Triệu',5),(318,'0318','Phố Bạch Thái Bưởi',5),(319,'0319','Phố Bế Văn Đàn',5),(320,'0320','Đường Biên Giang',5),(321,'0321','Phố Bùi Bằng Đoàn',5),(322,'0322','Phố Cao Thắng',5),(323,'0323','Phố Cầu Am',5),(324,'0324','Phố Cầu Đơ',5),(325,'0325','Đường Chiến Thắng',5),(326,'0326','Phố Chu Văn An',5),(327,'0327','Phố Cù Chính Lan',5),(328,'0328','Đường Đa Sĩ',5),(329,'0329','Phố Đại An',5),(330,'0330','Phố Đinh Tiên Hoàng',5),(331,'0331','Phố Dương Lâm',5),(332,'0332','Đường Dương Nội',5),(333,'0333','Phố Hà Cầu',5),(334,'0334','Phố Hoàng Diệu',5),(335,'0335','Phố Hoàng Hoa Thám',5),(336,'0336','Phố Hoàng Văn Thụ',5),(337,'0337','Phố Huỳnh Thúc Kháng',5),(338,'0338','Phố La Dương',5),(339,'0339','Phố La Nội',5),(340,'0340','Phố Lê Hồng Phong',5),(341,'0341','Phố Lê Hữu Trác',5),(342,'0342','Phố Lê Lai',5),(343,'0343','Phố Lê Lợi',5),(344,'0344','Phố Lê Quý Đôn',5),(345,'0345','Đường Lê Trọng Tấn',5),(346,'0346','Phố Lụa',5),(347,'0347','Phố Lương Ngọc Quyến',5),(348,'0348','Phố Lương Văn Can',5),(349,'0349','Phố Lý Thường Kiệt',5),(350,'0350','Phố Lý Tự Trọng',5),(351,'0351','Phố Mậu Lương',5),(352,'0352','Phố Mộ Lao',5),(353,'0353','Phố Ngô Đình Mẫn',5),(354,'0354','Phố Ngô Gia Khảm',5),(355,'0355','Phố Ngô Gia Tự',5),(356,'0356','Phố Ngô Quyền',5),(357,'0357','Phố Ngô Thì Nhậm',5),(358,'0358','Phố Ngô Thì Sĩ',5),(359,'0359','Phố Nguyễn Công Trứ',5),(360,'0360','Phố Nguyễn Du',5),(361,'0361','Đường Nguyễn Khuyến',5),(362,'0362','Phố Nguyễn Thái Học',5),(363,'0363','Phố Nguyễn Thanh Bình',5),(364,'0364','Phố Nguyễn Thị Minh Khai',5),(365,'0365','Phố Nguyễn Thượng Hiền',5),(366,'0366','Phố Nguyễn Trác',5),(367,'0367','Phố Nguyễn Trãi',5),(368,'0368','Đường Nguyễn Trực',5),(369,'0369','Phố Nguyễn Văn Lộc',5),(370,'0370','Phố Nguyễn Văn Trỗi',5),(371,'0371','Phố Nguyễn Viết Xuân',5),(372,'0372','Phố Nhuệ Giang',5),(373,'0373','Phố Phan Bội Châu',5),(374,'0374','Phố Phan Chu Trinh',5),(375,'0375','Phố Phan Đình Giót',5),(376,'0376','Phố Phan Đình Phùng',5),(377,'0377','Phố Phan Huy Chú',5),(378,'0378','Phố Phú Lương',5),(379,'0379','Đường Phúc La',5),(380,'0380','Đường Phùng Hưng',5),(381,'0381','Đường Quang Trung',5),(382,'0382','Phố Tản Đà',5),(383,'0383','Phố Tây Sơn',5),(384,'0384','Phố Thanh Bình',5),(385,'0385','Phố Thành Công',5),(386,'0386','Phố Tiểu Công nghệ',5),(387,'0387','Phố Tô Hiến Thành',5),(388,'0388','Phố Tô Hiệu',5),(389,'0389','Phố Tố Hữu',5),(390,'0390','Phố Trần Đăng Ninh',5),(391,'0391','Phố Trần Hưng Đạo',5),(392,'0392','Phố Trần Nhật Duật',5),(393,'0393','Đường Trần Phú',5),(394,'0394','Phố Trần Văn Chuông',5),(395,'0395','Phố Trưng Nhị',5),(396,'0396','Phố Trưng Trắc',5),(397,'0397','Phố Trương Công Định',5),(398,'0398','Phố Văn Khê',5),(399,'0399','Phố Văn La',5),(400,'0400','Phố Văn Phú',5),(401,'0401','Đường Vạn Phúc',5),(402,'0402','Phố Văn Quán',5),(403,'0403','Phố Văn Yên',5),(404,'0404','Phố Võ Thị Sáu',5),(405,'0405','Phố Vũ Trọng Khánh',5),(406,'0406','Phố Vũ Văn Cẩn',5),(407,'0407','Phố Xa La',5),(408,'0408','Phố Xốm',5),(409,'0409','Phố Ỷ La',5),(410,'0410','Phố Yên Bình',5),(411,'0411','Phố Yên Lộ',5),(412,'0412','Phố Yên Phúc',5),(413,'0413','Phố Yết Kiêu',5),(414,'0414','8-3',6),(415,'0415','Bà Triệu',6),(416,'0416','Bạch Đằng',6),(417,'0417','Bạch Mai',6),(418,'0418','Bùi Ngọc Dương',6),(419,'0419','Bùi Thị Xuân',6),(420,'0420','Cảm Hội',6),(421,'0421','Cao Đạt',6),(422,'0422','Chùa Quỳnh',6),(423,'0423','Chùa Vua',6),(424,'0424','Đại Cồ Việt',6),(425,'0425','Đại La',6),(426,'0426','Đỗ Hành',6),(427,'0427','Đỗ Ngọc Du',6),(428,'0428','Đoàn Trần Nghiệp',6),(429,'0429','Đội Cung',6),(430,'0430','Đống Mác',6),(431,'0431','Đồng Nhân',6),(432,'0432','Dương Văn Bé',6),(433,'0433','Giải Phóng',6),(434,'0434','Hàn Thuyên',6),(435,'0435','Hàng Chuối',6),(436,'0436','Hồ Xuân Hương',6),(437,'0437','Hoa Lư',6),(438,'0438','Hòa Mã',6),(439,'0439','Hoàng Mai',6),(440,'0440','Hồng Mai',6),(441,'0441','Phố Huế',6),(442,'0442','Hương Viên',6),(443,'0443','Kim Ngưu',6),(444,'0444','Lạc Nghiệp',6),(445,'0445','Lạc Trung',6),(446,'0446','Lãng Yên',6),(447,'0447','Lê Đại Hành',6),(448,'0448','Lê Duẩn',6),(449,'0449','Lê Gia Đỉnh',6),(450,'0450','Lê Ngọc Hân',6),(451,'0451','Lê Quý Đôn',6),(452,'0452','Lê Thanh Nghị',6),(453,'0453','Lê Văn Hưu',6),(454,'0454','Lò Đúc',6),(455,'0455','Lương Yên',6),(456,'0456','Mạc Thị Bưởi',6),(457,'0457','Mai Hắc Đế',6),(458,'0458','Minh Khai',6),(459,'0459','Ngô Thì Nhậm',6),(460,'0460','Nguyễn An Ninh',6),(461,'0461','Nguyễn Bỉnh Khiêm',6),(462,'0462','Nguyễn Cao',6),(463,'0463','Nguyễn Công Trứ',6),(464,'0464','Nguyễn Đình Chiểu',6),(465,'0465','Nguyễn Du',6),(466,'0466','Nguyễn Hiền',6),(467,'0467','Nguyễn Huy Tự',6),(468,'0468','Nguyễn Khoái',6),(469,'0469','Nguyễn Quyền',6),(470,'0470','Nguyễn Thượng Hiền',6),(471,'0471','Nguyễn Trung Ngạn',6),(472,'0472','Phạm Đình Hổ',6),(473,'0473','Phù Đổng Thiên Vương',6),(474,'0474','Phùng Khắc Khoan',6),(475,'0475','Quang Trung',6),(476,'0476','Quỳnh Lôi',6),(477,'0477','Quỳnh Mai',6),(478,'0478','Tạ Quang Bửu',6),(479,'0479','Tam Trinh',6),(480,'0480','Tăng Bạt Hổ',6),(481,'0481','Tây Kết',6),(482,'0482','Thái Phiên',6),(483,'0483','Thanh Nhàn',6),(484,'0484','Thể Giao',6),(485,'0485','Thi Sách',6),(486,'0486','Thiền Quang',6),(487,'0487','Thịnh Yên',6),(488,'0488','Thọ Lão',6),(489,'0489','Tô Hiến Thành',6),(490,'0490','Trần Bình Trọng',6),(491,'0491','Trần Cao Vân',6),(492,'0492','Trần Đại Nghĩa',6),(493,'0493','Trần Hưng Đạo',6),(494,'0494','Trần Khánh Dư',6),(495,'0495','Trần Khát Chân',6),(496,'0496','Trần Nhân Tông',6),(497,'0497','Trần Thánh Tông',6),(498,'0498','Trần Xuân Soạn',6),(499,'0499','Triệu Việt Vương',6),(500,'0500','Trương Định',6),(501,'0501','Tuệ Tĩnh',6),(502,'0502','Tương Mai',6),(503,'0503','Vân Đồn',6),(504,'0504','Vạn Kiếp',6),(505,'0505','Vĩnh Tuy',6),(506,'0506','Võ Thị Sáu',6),(507,'0507','Vọng',6),(508,'0508','Vũ Hữu Lợi',6),(509,'0509','Yên Bái',6),(510,'0510','Yên Lạc',6),(511,'0511','Yersin',6),(512,'0512','Yết Kiêu',6),(513,'0513','19-12',7),(514,'0514','Ấu Triệu',7),(515,'0515','Bà Triệu',7),(516,'0516','Bạch Đằng',7),(517,'0517','Bảo Khánh',7),(518,'0518','Bảo Linh',7),(519,'0519','Bát Đàn',7),(520,'0520','Bát Sứ',7),(521,'0521','Cao Thắng',7),(522,'0522','Cầu Đất',7),(523,'0523','Cầu Đông',7),(524,'0524','Cầu Gỗ',7),(525,'0525','Chả Cá',7),(526,'0526','Chân Cầm',7),(527,'0527','Chợ Gạo',7),(528,'0528','Chương Dương Độ',7),(529,'0529','Cổ Tân',7),(530,'0530','Cổng Đục',7),(531,'0531','Cửa Đông',7),(532,'0532','Cửa Nam',7),(533,'0533','Dã Tượng',7),(534,'0534','Đặng Thái Thân',7),(535,'0535','Đào Duy Từ',7),(536,'0536','Điện Biên Phủ',7),(537,'0537','Đinh Công Tráng',7),(538,'0538','Đinh Lễ',7),(539,'0539','Đinh Liệt',7),(540,'0540','Đình Ngang',7),(541,'0541','Đinh Tiên Hoàng',7),(542,'0542','Đoàn Nhữ Hài',7),(543,'0543','Đông Thái',7),(544,'0544','Đồng Xuân',7),(545,'0545','Đường Thành',7),(546,'0546','Gầm Cầu',7),(547,'0547','Gia Ngư',7),(548,'0548','Hà Trung',7),(549,'0549','Hai Bà Trưng',7),(550,'0550','Hàm Long',7),(551,'0551','Hàm Tử Quan',7),(552,'0552','Hàn Thuyên',7),(553,'0553','Hàng Bạc',7),(554,'0554','Hàng Bài',7),(555,'0555','Hàng Bè',7),(556,'0556','Hàng Bồ',7),(557,'0557','Hàng Bông',7),(558,'0558','Hàng Buồm',7),(559,'0559','Hàng Bút',7),(560,'0560','Hàng Cá',7),(561,'0561','Hàng Cân',7),(562,'0562','Hàng Chai',7),(563,'0563','Hàng Chiếu',7),(564,'0564','Hàng Chĩnh',7),(565,'0565','Hàng Cót',7),(566,'0566','Hàng Da',7),(567,'0567','Hàng Đào',7),(568,'0568','Hàng Đậu',7),(569,'0569','Hàng Điếu',7),(570,'0570','Hàng Đồng',7),(571,'0571','Hàng Đường',7),(572,'0572','Hàng Gà',7),(573,'0573','Hàng Gai',7),(574,'0574','Hàng Giầy',7),(575,'0575','Hàng Giấy',7),(576,'0576','Hàng Hòm',7),(577,'0577','Hàng Khay',7),(578,'0578','Hàng Khoai',7),(579,'0579','Hàng Lược',7),(580,'0580','Hàng Mã',7),(581,'0581','Hàng Mắm',7),(582,'0582','Hàng Mành',7),(583,'0583','Hàng Muối',7),(584,'0584','Hàng Ngang',7),(585,'0585','Hàng Nón',7),(586,'0586','Hàng Quạt',7),(587,'0587','Hàng Rươi',7),(588,'0588','Hàng Thiếc',7),(589,'0589','Hàng Thùng',7),(590,'0590','Hàng Tre',7),(591,'0591','Hàng Trống',7),(592,'0592','Hàng Vải',7),(593,'0593','Hàng Vôi',7),(594,'0594','Hồ Hoàn Kiếm',7),(595,'0595','Hỏa Lò',7),(596,'0596','Hồng Hà',7),(597,'0597','Phố Huế',7),(598,'0598','Lãn Ông',7),(599,'0599','Lê Duẩn',7),(600,'0600','Lê Lai',7),(601,'0601','Lê Phụng Hiểu',7),(602,'0602','Lê Thạch',7),(603,'0603','Lê Thái Tổ',7),(604,'0604','Lê Thánh Tông',7),(605,'0605','Lê Văn Hưu',7),(606,'0606','Lê Văn Linh',7),(607,'0607','Liên Trì',7),(608,'0608','Lò Rèn',7),(609,'0609','Lò Sũ[5]',7),(610,'0610','Lương Ngọc Quyến',7),(611,'0611','Lương Văn Can',7),(612,'0612','Lý Đạo Thành',7),(613,'0613','Lý Nam Đế',7),(614,'0614','Lý Quốc Sư',7),(615,'0615','Lý Thái Tổ',7),(616,'0616','Lý Thường Kiệt',7),(617,'0617','Mã Mây',7),(618,'0618','Nam Ngư',7),(619,'0619','Ngõ Gạch',7),(620,'0620','Ngô Quyền',7),(621,'0621','Ngô Thì Nhậm',7),(622,'0622','Ngõ Trạm',7),(623,'0623','Ngô Văn Sở',7),(624,'0624','Nguyễn Chế Nghĩa',7),(625,'0625','Nguyễn Du',7),(626,'0626','Nguyễn Gia Thiều',7),(627,'0627','Nguyễn Hữu Huân',7),(628,'0628','Nguyễn Khắc Cần',7),(629,'0629','Nguyên Khiết',7),(630,'0630','Nguyễn Quang Bích',7),(631,'0631','Nguyễn Siêu',7),(632,'0632','Nguyễn Thái Học',7),(633,'0633','Nguyễn Thiện Thuật',7),(634,'0634','Nguyễn Thiếp',7),(635,'0635','Nguyễn Tư Giản',7),(636,'0636','Nguyễn Văn Tố',7),(637,'0637','Nguyễn Xí',7),(638,'0638','Nhà Chung',7),(639,'0639','Nhà Hỏa',7),(640,'0640','Nhà thờ',7),(641,'0641','Ô Quan Chưởng',7),(642,'0642','Phạm Ngũ Lão',7),(643,'0643','Phạm Sư Mạnh',7),(644,'0644','Phan Bội Châu',7),(645,'0645','Phan Chu Trinh',7),(646,'0646','Phan Đình Phùng',7),(647,'0647','Phan Huy Chú',7),(648,'0648','Phủ Doãn',7),(649,'0649','Phúc Tân',7),(650,'0650','Phùng Hưng',7),(651,'0651','Quán Sứ',7),(652,'0652','Quang Trung',7),(653,'0653','Tạ Hiện',7),(654,'0654','Thanh Hà',7),(655,'0655','Thanh Yên',7),(656,'0656','Thợ Nhuộm',7),(657,'0657','Thuốc Bắc',7),(658,'0658','Tô Tịch',7),(659,'0659','Tôn Thất Thiệp',7),(660,'0660','Tông Đản',7),(661,'0661','Tống Duy Tân',7),(662,'0662','Trần Bình Trọng',7),(663,'0663','Trần Hưng Đạo',7),(664,'0664','Trần Khánh Dư',7),(665,'0665','Trần Nguyên Hãn',7),(666,'0666','Trần Nhật Duật',7),(667,'0667','Trần Phú',7),(668,'0668','Trần Quang Khải',7),(669,'0669','Trần Quốc Toản',7),(670,'0670','Tràng Thi',7),(671,'0671','Tràng Tiền',7),(672,'0672','Triệu Quốc Đạt',7),(673,'0673','Trương Hán Siêu',7),(674,'0674','Vạn Kiếp',7),(675,'0675','Vọng Đức',7),(676,'0676','Vọng Hà',7),(677,'0677','Yết Kiêu',7),(678,'0678','Bằng B',8),(679,'0679','Bùi Huy Bích',8),(680,'0680','Bùi Xương Trạch',8),(681,'0681','Đại Từ',8),(682,'0682','Đặng Xuân Bảng',8),(683,'0683','Định Công',8),(684,'0684','Định Công Hạ',8),(685,'0685','Định Công Thượng',8),(686,'0686','Đông Thiên',8),(687,'0687','Dương Văn Bé',8),(688,'0688','Giải Phóng',8),(689,'0689','Giáp Bát',8),(690,'0690','Giáp Nhị',8),(691,'0691','Hoàng Liệt',8),(692,'0692','Hoàng Mai',8),(693,'0693','Hồng Quang',8),(694,'0694','Hưng Phúc',8),(695,'0695','Hưng Thịnh',8),(696,'0696','Khuyến Lương',8),(697,'0697','Kim Đồng',8),(698,'0698','Kim Giang',8),(699,'0699','Linh Đàm',8),(700,'0700','Linh Đường',8),(701,'0701','Lĩnh Nam',8),(702,'0702','Lương Khánh Thiện',8),(703,'0703','Mai Động',8),(704,'0704','Nam Dư',8),(705,'0705','Nghiêm Xuân Yêm',8),(706,'0706','Ngọc Hồi',8),(707,'0707','Ngũ Nhạc',8),(708,'0708','Nguyễn An Ninh',8),(709,'0709','Nguyễn Cảnh Dị',8),(710,'0710','Nguyễn Chính',8),(711,'0711','Nguyễn Công Thái',8),(712,'0712','Nguyễn Đức Cảnh',8),(713,'0713','Nguyễn Duy Trinh',8),(714,'0714','Nguyễn Hữu Thọ',8),(715,'0715','Nguyễn Khoái',8),(716,'0716','Nguyễn Xiển',8),(717,'0717','Sở Thượng',8),(718,'0718','Tam Trinh',8),(719,'0719','Tân Khai tựu liệt',8),(720,'0720','Tân Mai',8),(721,'0721','Tây Trà',8),(722,'0722','Thanh Đàm',8),(723,'0723','Thanh Lân',8),(724,'0724','Thịnh Liệt',8),(725,'0725','Thúy Lĩnh',8),(726,'0726','Trần Điền',8),(727,'0727','Trần Hòa',8),(728,'0728','Trần Nguyên Đán',8),(729,'0729','Trần Thủ Độ',8),(730,'0730','Trịnh Đình Cửu',8),(731,'0731','Trương Định',8),(732,'0732','Tương Mai',8),(733,'0733','Vĩnh Hưng',8),(734,'0734','Vũ Tông Phan',8),(735,'0735','Yên Duyên',8),(736,'0736','Yên Sở',8),(737,'0737','Ái Mộ',9),(738,'0738','Bắc Cầu',9),(739,'0739','Bát Khối',9),(740,'0740','Bồ Đề',9),(741,'0741','Bùi Thiện Ngộ',9),(742,'0742','Cầu Bây',9),(743,'0743','Chu Huy Mân',9),(744,'0744','Cổ Linh',9),(745,'0745','Đàm Quang Trung',9),(746,'0746','Đặng Vũ Hỷ',9),(747,'0747','Đào Văn Tập',9),(748,'0748','Đinh Đức Thiện',9),(749,'0749','Đoàn Khuê',9),(750,'0750','Đồng Dinh',9),(751,'0751','Đức Giang',9),(752,'0752','Gia Quất',9),(753,'0753','Gia Thượng',9),(754,'0754','Gia Thụy',9),(755,'0755','Giang Biên',9),(756,'0756','Hoa Lâm',9),(757,'0757','Hoàng Như Tiếp',9),(758,'0758','Hoàng Thế Thiện',9),(759,'0759','Hội Xá',9),(760,'0760','Hồng Tiến',9),(761,'0761','Huỳnh Tấn Phát',9),(762,'0762','Huỳnh Văn Nghệ',9),(763,'0763','Kẻ Tạnh',9),(764,'0764','Kim Quan',9),(765,'0765','Kim Quan Thượng',9),(766,'0766','Lâm Du',9),(767,'0767','Lâm Hạ',9),(768,'0768','Lệ Mật',9),(769,'0769','Long Biên 1',9),(770,'0770','Long Biên 2',9),(771,'0771','Long Biên - Xuân Quan',9),(772,'0772','Lưu Khánh Đàm',9),(773,'0773','Lý Sơn',9),(774,'0774','Mai Chí Thọ',9),(775,'0775','Mai Phúc',9),(776,'0776','Nam Đuống',9),(777,'0777','Ngô Gia Khảm',9),(778,'0778','Ngô Gia Tự',9),(779,'0779','Ngô Huy Quỳnh',9),(780,'0780','Ngô Viết Thụ',9),(781,'0781','Ngọc Lâm',9),(782,'0782','Ngọc Thụy',9),(783,'0783','Ngọc Trì',9),(784,'0784','Nguyễn Cao Luyện',9),(785,'0785','Nguyễn Đức Thuận',9),(786,'0786','Nguyễn Lam',9),(787,'0787','Nguyễn Sơn',9),(788,'0788','Nguyễn Văn Cừ',9),(789,'0789','Nguyễn Văn Hưởng',9),(790,'0790','Nguyễn Văn Linh',9),(791,'0791','Nguyễn Văn Ninh',9),(792,'0792','Ô Cách',9),(793,'0793','Phan Văn Đáng',9),(794,'0794','Phú Viên',9),(795,'0795','Phúc Lợi',9),(796,'0796','Sài Đồng',9),(797,'0797','Tân Thụy',9),(798,'0798','Thạch Bàn',9),(799,'0799','Thạch Cầu',9),(800,'0800','Thanh Am',9),(801,'0801','Thép Mới',9),(802,'0802','Thượng Thanh',9),(803,'0803','Tình Quang',9),(804,'0804','Trạm',9),(805,'0805','Trần Danh Tuyên',9),(806,'0806','Trần Văn Trà',9),(807,'0807','Trường Lâm',9),(808,'0808','Tư Đình',9),(809,'0809','Vạn Hạnh',9),(810,'0810','Việt Hưng',9),(811,'0811','Vũ Đức Thận',9),(812,'0812','Vũ Xuân Thiều',9),(813,'0813','Xuân Đỗ',9),(814,'0814','Bùi Xuân Phái',10),(815,'0815','Cao Xuân Huy',10),(816,'0816','Cầu Cốc',10),(817,'0817','Châu Văn Liêm',10),(818,'0818','Cương Kiên',10),(819,'0819','Đại Linh',10),(820,'0820','Đại Mỗ',10),(821,'0821','Đình Thôn',10),(822,'0822','Đỗ Đình Thiện',10),(823,'0823','Đỗ Đức Dục',10),(824,'0824','Do Nha',10),(825,'0825','Đại lộ Thăng Long',10),(826,'0826','Đỗ Xuân Hợp',10),(827,'0827','Đồng Me',10),(828,'0828','Dương Đình Nghệ',10),(829,'0829','Dương Khuê',10),(830,'0830','Duy Tân',10),(831,'0831','Hàm Nghi',10),(832,'0832','Hồ Tùng Mậu',10),(833,'0833','Hoài Thanh',10),(834,'0834','Hoàng Trọng Mậu',10),(835,'0835','Hòe Thị',10),(836,'0836','Hữu Hưng',10),(837,'0837','Lê Đức Thọ',10),(838,'0838','Lê Quang Đạo',10),(839,'0839','Lương Thế Vinh',10),(840,'0840','Lưu Hữu Phước',10),(841,'0841','Mạc Thái Tổ',10),(842,'0842','Mạc Thái Tông',10),(843,'0843','Mễ Trì',10),(844,'0844','Mễ Trì Hạ',10),(845,'0845','Mễ Trì Thượng',10),(846,'0846','Miếu Đầm',10),(847,'0847','Miêu Nha',10),(848,'0848','Mỹ Đình',10),(849,'0849','Ngọc Trục',10),(850,'0850','Nguyễn Cơ Thạch',10),(851,'0851','Nguyễn Đổng Chi',10),(852,'0852','Nguyễn Hoàng',10),(853,'0853','Nguyễn Trãi',10),(854,'0854','Nguyễn Văn Giáp',10),(855,'0855','Nguyễn Xuân Nguyên',10),(856,'0856','Nhổn',10),(857,'0857','Phạm Hùng',10),(858,'0858','Phú Đô',10),(859,'0859','Phúc Diễn',10),(860,'0860','Phùng Khoang',10),(861,'0861','Phương Canh',10),(862,'0862','Quang Tiến',10),(863,'0863','Sa Đôi',10),(864,'0864','Tân Mỹ',10),(865,'0865','Tây Mỗ',10),(866,'0866','Thanh Bình',10),(867,'0867','Thị Cấm',10),(868,'0868','Thiên Hiền',10),(869,'0869','Tố Hữu',10),(870,'0870','Tôn Thất Thuyết',10),(871,'0871','Trần Bình',10),(872,'0872','Trần Hữu Dực',10),(873,'0873','Trần Văn Cẩn',10),(874,'0874','Trần Văn Lai',10),(875,'0875','Trịnh Văn Bô',10),(876,'0876','Trung Văn',10),(877,'0877','Tu Hoàng',10),(878,'0878','Tú Mỡ',10),(879,'0879','Vũ Hữu',10),(880,'0880','Vũ Quỳnh',10),(881,'0881','Vũ Trọng Khánh',10),(882,'0882','Xuân Phương',10),(883,'0883','An Dương',11),(884,'0884','An Dương Vương',11),(885,'0885','Âu Cơ',11),(886,'0886','Bùi Trang Chước',11),(887,'0887','Đặng Thai Mai',11),(888,'0888','Đồng Cổ',11),(889,'0889','Hoàng Hoa Thám',11),(890,'0890','Hồng Hà',11),(891,'0891','Hùng Vương',11),(892,'0892','Lạc Long Quân',11),(893,'0893','Mai Xuân Thưởng',11),(894,'0894','Nghi Tàm',11),(895,'0895','Nguyễn Đình Thi',11),(896,'0896','Nguyễn Hoàng Tôn',11),(897,'0897','Nhật Chiêu',11),(898,'0898','Phan Đình Phùng',11),(899,'0899','Phú Gia',11),(900,'0900','Phú Thượng',11),(901,'0901','Phú Xá',11),(902,'0902','Phúc Hoa',11),(903,'0903','Quảng An',11),(904,'0904','Quảng Bá',11),(905,'0905','Quảng Khánh',11),(906,'0906','Tam Đa',11),(907,'0907','Tây Hồ',11),(908,'0908','Thanh Niên',11),(909,'0909','Thượng Thụy',11),(910,'0910','Thụy Khuê',11),(911,'0911','Tô Ngọc Vân',11),(912,'0912','Trích Sài',11),(913,'0913','Trịnh Công Sơn',11),(914,'0914','Từ Hoa',11),(915,'0915','Tứ Liên',11),(916,'0916','Văn Cao',11),(917,'0917','Vệ Hồ',11),(918,'0918','Võ Chí Công',11),(919,'0919','Võng Thị',11),(920,'0920','Vũ Miên',11),(921,'0921','Vũ Tuấn Chiêu',11),(922,'0922','Xuân Diệu',11),(923,'0923','Xuân La',11),(924,'0924','Yên Hoa',11),(925,'0925','Yên Phụ (đường đôi)',11),(926,'0926','Yên Phụ (đôi)',11),(927,'0927','Bùi Xương Trạch',12),(928,'0928','Chính Kinh',12),(929,'0929','Cù Chính Lan',12),(930,'0930','Cự Lộc',12),(931,'0931','Định Công',12),(932,'0932','Giải Phóng',12),(933,'0933','Giáp Nhất',12),(934,'0934','Hạ Đình',12),(935,'0935','Hoàng Đạo Thành',12),(936,'0936','Hoàng Đạo Thúy',12),(937,'0937','Hoàng Minh Giám',12),(938,'0938','Hoàng Ngân',12),(939,'0939','Hoàng Văn Thái',12),(940,'0940','Khuất Duy Tiến',12),(941,'0941','Khương Đình',12),(942,'0942','Khương Hạ',12),(943,'0943','Khương Trung',12),(944,'0944','Kim Giang',12),(945,'0945','Lê Trọng Tấn',12),(946,'0946','Lê Văn Lương',12),(947,'0947','Lê Văn Thiêm',12),(948,'0948','Lương Thế Vinh',12),(949,'0949','Ngụy Như Kon Tum',12),(950,'0950','Nguyễn Huy Tưởng',12),(951,'0951','Nguyễn Lân',12),(952,'0952','Nguyễn Ngọc Nại',12),(953,'0953','Nguyễn Quý Đức',12),(954,'0954','Nguyễn Thị Định',12),(955,'0955','Nguyễn Thị Thập',12),(956,'0956','Nguyễn Trãi',12),(957,'0957','Nguyễn Tuân',12),(958,'0958','Nguyễn Văn Trỗi',12),(959,'0959','Nguyễn Viết Xuân',12),(960,'0960','Nguyễn Xiển',12),(961,'0961','Nguyễn Xuân Linh',12),(962,'0962','Nhân Hòa',12),(963,'0963','Phan Đình Giót',12),(964,'0964','Phương Liệt',12),(965,'0965','Quan Nhân',12),(966,'0966','Thượng Đình',12),(967,'0967','Tố Hữu',12),(968,'0968','Tô Vĩnh Diện',12),(969,'0969','Trần Điền',12),(970,'0970','Triều Khúc',12),(971,'0971','Trịnh Đình Cửu',12),(972,'0972','Trường Chinh',12),(973,'0973','Vọng',12),(974,'0974','Vũ Hữu',12),(975,'0975','Vũ Tông Phan',12),(976,'0976','Vũ Trọng Phụng',12),(977,'0977','Vương Thừa Vũ',12);
/*!40000 ALTER TABLE `street` ENABLE KEYS */;
UNLOCK TABLES;

--
-- Table structure for table `toilet_type`
--

DROP TABLE IF EXISTS `toilet_type`;
/*!40101 SET @saved_cs_client     = @@character_set_client */;
/*!50503 SET character_set_client = utf8mb4 */;
CREATE TABLE `toilet_type` (
  `id` int(11) NOT NULL AUTO_INCREMENT,
  `name` varchar(255) CHARACTER SET utf8 NOT NULL,
  `code` varchar(10) NOT NULL,
  PRIMARY KEY (`id`),
  UNIQUE KEY `IDX_a17d0dff835251b05d0d796c12` (`code`)
) ENGINE=InnoDB AUTO_INCREMENT=4 DEFAULT CHARSET=utf8mb4;
/*!40101 SET character_set_client = @saved_cs_client */;

--
-- Dumping data for table `toilet_type`
--

LOCK TABLES `toilet_type` WRITE;
/*!40000 ALTER TABLE `toilet_type` DISABLE KEYS */;
INSERT INTO `toilet_type` VALUES (1,'Không khép kín','002'),(2,'Khép kín','001'),(3,'Không có','003');
/*!40000 ALTER TABLE `toilet_type` ENABLE KEYS */;
UNLOCK TABLES;

--
-- Table structure for table `token`
--

DROP TABLE IF EXISTS `token`;
/*!40101 SET @saved_cs_client     = @@character_set_client */;
/*!50503 SET character_set_client = utf8mb4 */;
CREATE TABLE `token` (
  `id` int(11) NOT NULL AUTO_INCREMENT,
  `create_at` datetime(6) NOT NULL DEFAULT CURRENT_TIMESTAMP(6),
  `update_at` datetime(6) NOT NULL DEFAULT CURRENT_TIMESTAMP(6),
  `userId` int(11) DEFAULT NULL,
  `roleId` int(11) DEFAULT NULL,
  PRIMARY KEY (`id`),
  KEY `FK_94f168faad896c0786646fa3d4a` (`userId`),
  KEY `FK_e282252a98bdd6a49d89b84d205` (`roleId`),
  CONSTRAINT `FK_94f168faad896c0786646fa3d4a` FOREIGN KEY (`userId`) REFERENCES `user` (`id`) ON DELETE CASCADE ON UPDATE NO ACTION,
  CONSTRAINT `FK_e282252a98bdd6a49d89b84d205` FOREIGN KEY (`roleId`) REFERENCES `role` (`id`) ON DELETE CASCADE ON UPDATE NO ACTION
) ENGINE=InnoDB AUTO_INCREMENT=87 DEFAULT CHARSET=utf8mb4;
/*!40101 SET character_set_client = @saved_cs_client */;

--
-- Dumping data for table `token`
--

LOCK TABLES `token` WRITE;
/*!40000 ALTER TABLE `token` DISABLE KEYS */;
INSERT INTO `token` VALUES (1,'2020-12-28 05:50:56.160878','2020-12-28 05:50:56.160878',1,1),(2,'2020-12-28 05:56:52.303119','2020-12-28 05:56:52.303119',1,1),(3,'2020-12-28 06:05:43.719575','2020-12-28 06:05:43.719575',1,1),(4,'2020-12-28 06:10:52.704878','2020-12-28 06:10:52.704878',3,2),(5,'2020-12-28 06:11:40.952168','2020-12-28 06:11:40.952168',1,1),(6,'2020-12-28 06:20:22.804574','2020-12-28 06:20:22.804574',4,4),(7,'2020-12-28 06:20:36.027573','2020-12-28 06:20:36.027573',4,4),(8,'2020-12-28 06:21:12.777452','2020-12-28 06:21:12.777452',3,2),(9,'2020-12-28 06:21:58.367204','2020-12-28 06:21:58.367204',4,4),(10,'2020-12-28 06:22:15.718495','2020-12-28 06:22:15.718495',4,4),(11,'2020-12-28 06:26:34.777281','2020-12-28 06:26:34.777281',4,4),(12,'2020-12-28 06:27:32.903570','2020-12-28 06:27:32.903570',1,1),(13,'2020-12-28 06:30:42.301013','2020-12-28 06:30:42.301013',1,1),(14,'2020-12-28 06:38:08.395881','2020-12-28 06:38:08.395881',1,1),(15,'2020-12-28 06:46:22.009295','2020-12-28 06:46:22.009295',1,1),(16,'2020-12-28 06:57:01.512049','2020-12-28 06:57:01.512049',3,2),(17,'2020-12-28 06:58:32.265994','2020-12-28 06:58:32.265994',1,1),(18,'2020-12-28 06:59:53.966925','2020-12-28 06:59:53.966925',1,1),(19,'2020-12-28 07:03:06.306472','2020-12-28 07:03:06.306472',3,2),(20,'2020-12-28 07:04:24.731598','2020-12-28 07:04:24.731598',1,1),(21,'2020-12-28 07:04:53.208713','2020-12-28 07:04:53.208713',2,3),(22,'2020-12-28 07:06:09.994549','2020-12-28 07:06:09.994549',1,1),(23,'2020-12-28 07:06:19.792151','2020-12-28 07:06:19.792151',1,1),(24,'2020-12-28 07:06:40.280618','2020-12-28 07:06:40.280618',1,1),(25,'2020-12-28 07:07:16.333346','2020-12-28 07:07:16.333346',1,1),(26,'2020-12-28 07:09:21.986947','2020-12-28 07:09:21.986947',1,1),(27,'2020-12-28 07:10:47.574300','2020-12-28 07:10:47.574300',5,2),(28,'2020-12-28 07:13:06.400714','2020-12-28 07:13:06.400714',5,2),(29,'2020-12-28 07:13:42.541146','2020-12-28 07:13:42.541146',2,3),(30,'2020-12-28 07:14:47.334720','2020-12-28 07:14:47.334720',6,4),(31,'2020-12-28 07:15:52.880492','2020-12-28 07:15:52.880492',7,2),(32,'2020-12-28 07:17:35.273014','2020-12-28 07:17:35.273014',3,2),(33,'2020-12-28 07:22:30.584403','2020-12-28 07:22:30.584403',1,1),(34,'2020-12-28 07:23:11.447337','2020-12-28 07:23:11.447337',5,2),(35,'2020-12-28 07:23:44.592697','2020-12-28 07:23:44.592697',1,1),(36,'2020-12-28 07:23:59.299618','2020-12-28 07:23:59.299618',5,2),(37,'2020-12-28 07:25:09.678578','2020-12-28 07:25:09.678578',1,1),(38,'2020-12-28 07:25:29.302254','2020-12-28 07:25:29.302254',5,2),(39,'2020-12-28 07:26:45.749805','2020-12-28 07:26:45.749805',1,1),(40,'2020-12-28 07:27:40.029838','2020-12-28 07:27:40.029838',5,2),(41,'2020-12-28 07:28:43.799811','2020-12-28 07:28:43.799811',5,2),(42,'2020-12-28 07:29:02.711203','2020-12-28 07:29:02.711203',7,2),(43,'2020-12-28 07:29:07.349212','2020-12-28 07:29:07.349212',5,2),(44,'2020-12-28 07:29:20.852220','2020-12-28 07:29:20.852220',5,2),(45,'2020-12-28 07:30:11.363046','2020-12-28 07:30:11.363046',5,2),(46,'2020-12-28 08:07:32.250142','2020-12-28 08:07:32.250142',1,1),(47,'2020-12-28 08:08:48.439716','2020-12-28 08:08:48.439716',3,2),(48,'2020-12-28 09:11:40.215659','2020-12-28 09:11:40.215659',1,1),(49,'2020-12-28 10:18:36.637344','2020-12-28 10:18:36.637344',1,1),(50,'2020-12-28 11:39:58.112723','2020-12-28 11:39:58.112723',8,2),(51,'2020-12-28 11:41:41.587593','2020-12-28 11:41:41.587593',8,2),(52,'2020-12-28 12:18:12.790125','2020-12-28 12:18:12.790125',8,2),(53,'2020-12-28 12:25:59.421116','2020-12-28 12:25:59.421116',8,2),(54,'2020-12-28 12:32:56.937166','2020-12-28 12:32:56.937166',9,2),(55,'2020-12-28 12:33:08.736894','2020-12-28 12:33:08.736894',8,2),(56,'2020-12-28 12:48:42.188320','2020-12-28 12:48:42.188320',10,4),(57,'2020-12-28 12:50:41.821042','2020-12-28 12:50:41.821042',8,2),(58,'2020-12-28 12:55:50.947646','2020-12-28 12:55:50.947646',8,2),(59,'2020-12-28 12:57:12.372640','2020-12-28 12:57:12.372640',1,1),(60,'2020-12-30 02:20:55.093030','2020-12-30 02:20:55.093030',8,2),(61,'2020-12-30 02:20:57.741115','2020-12-30 02:20:57.741115',1,1),(62,'2020-12-30 02:21:11.045581','2020-12-30 02:21:11.045581',1,1),(63,'2020-12-30 02:22:13.222309','2020-12-30 02:22:13.222309',8,2),(64,'2020-12-30 02:22:48.293522','2020-12-30 02:22:48.293522',10,4),(65,'2020-12-30 02:24:32.751203','2020-12-30 02:24:32.751203',9,2),(66,'2020-12-30 02:25:15.496631','2020-12-30 02:25:15.496631',8,2),(67,'2020-12-30 02:26:17.669812','2020-12-30 02:26:17.669812',10,4),(68,'2020-12-30 19:42:04.325548','2020-12-30 19:42:04.325548',8,2),(69,'2020-12-30 20:06:25.961301','2020-12-30 20:06:25.961301',8,2),(70,'2021-01-21 22:17:21.974222','2021-01-21 22:17:21.974222',8,2),(71,'2021-02-12 20:45:53.866664','2021-02-12 20:45:53.866664',1,1),(72,'2021-02-12 20:49:28.635576','2021-02-12 20:49:28.635576',1,1),(73,'2021-04-08 14:16:14.981913','2021-04-08 14:16:14.981913',8,2),(74,'2021-04-24 14:55:25.029436','2021-04-24 14:55:25.029436',1,1),(75,'2021-04-24 14:55:55.833662','2021-04-24 14:55:55.833662',8,2),(76,'2021-04-24 14:56:40.189371','2021-04-24 14:56:40.189371',1,1),(77,'2021-04-24 15:03:24.440929','2021-04-24 15:03:24.440929',8,2),(78,'2021-06-11 10:46:14.111748','2021-06-11 10:46:14.111748',8,2),(79,'2021-06-11 10:59:53.934207','2021-06-11 10:59:53.934207',10,4),(80,'2021-06-11 11:00:51.726779','2021-06-11 11:00:51.726779',1,1),(81,'2021-06-11 11:07:42.308603','2021-06-11 11:07:42.308603',1,1),(82,'2021-06-11 11:13:41.735594','2021-06-11 11:13:41.735594',8,2),(83,'2021-06-11 11:17:41.230751','2021-06-11 11:17:41.230751',1,1),(84,'2021-08-04 23:01:27.702739','2021-08-04 23:01:27.702739',1,1),(85,'2021-08-04 23:09:10.171768','2021-08-04 23:09:10.171768',8,2),(86,'2021-08-04 23:09:29.189086','2021-08-04 23:09:29.189086',1,1);
/*!40000 ALTER TABLE `token` ENABLE KEYS */;
UNLOCK TABLES;

--
-- Table structure for table `user`
--

DROP TABLE IF EXISTS `user`;
/*!40101 SET @saved_cs_client     = @@character_set_client */;
/*!50503 SET character_set_client = utf8mb4 */;
CREATE TABLE `user` (
  `id` int(11) NOT NULL AUTO_INCREMENT,
  `personNo` varchar(30) NOT NULL,
  `email` varchar(30) NOT NULL,
  `loginType` varchar(255) DEFAULT 'Normal',
  `password` varchar(30) NOT NULL,
  `name` varchar(255) CHARACTER SET utf8 NOT NULL,
  `create_at` datetime(6) NOT NULL DEFAULT CURRENT_TIMESTAMP(6),
  `update_at` datetime(6) NOT NULL DEFAULT CURRENT_TIMESTAMP(6),
  `delete_at` datetime(6) DEFAULT NULL,
  `isBlock` tinyint(4) DEFAULT '0',
  `isApprove` tinyint(4) DEFAULT '0',
  `roleId` int(11) DEFAULT NULL,
  `userManagerId` int(11) DEFAULT NULL,
  `contactUserId` int(11) DEFAULT NULL,
  `avatarId` int(11) DEFAULT NULL,
  PRIMARY KEY (`id`),
  UNIQUE KEY `IDX_f940f11724952ef145201b4a1a` (`personNo`),
  UNIQUE KEY `IDX_e12875dfb3b1d92d7d7c5377e2` (`email`),
  UNIQUE KEY `REL_e68b5c20d6e27eb4f795f95516` (`contactUserId`),
  UNIQUE KEY `REL_58f5c71eaab331645112cf8cfa` (`avatarId`),
  KEY `FK_c28e52f758e7bbc53828db92194` (`roleId`),
  KEY `FK_daacb4fb99b475a8718e8fdd682` (`userManagerId`),
  FULLTEXT KEY `IDX_065d4d8f3b5adb4a08841eae3c` (`name`),
  CONSTRAINT `FK_58f5c71eaab331645112cf8cfa5` FOREIGN KEY (`avatarId`) REFERENCES `avatar_user` (`id`) ON DELETE SET NULL ON UPDATE NO ACTION,
  CONSTRAINT `FK_c28e52f758e7bbc53828db92194` FOREIGN KEY (`roleId`) REFERENCES `role` (`id`) ON DELETE SET NULL ON UPDATE CASCADE,
  CONSTRAINT `FK_daacb4fb99b475a8718e8fdd682` FOREIGN KEY (`userManagerId`) REFERENCES `user` (`id`) ON DELETE SET NULL ON UPDATE NO ACTION,
  CONSTRAINT `FK_e68b5c20d6e27eb4f795f95516e` FOREIGN KEY (`contactUserId`) REFERENCES `contact_user` (`id`) ON DELETE SET NULL ON UPDATE NO ACTION
) ENGINE=InnoDB AUTO_INCREMENT=11 DEFAULT CHARSET=utf8mb4;
/*!40101 SET character_set_client = @saved_cs_client */;

--
-- Dumping data for table `user`
--

LOCK TABLES `user` WRITE;
/*!40000 ALTER TABLE `user` DISABLE KEYS */;
INSERT INTO `user` VALUES (1,'0000000','nguyenthaitiep206@gmail.com','Normal','123qwe','Manager','2020-12-28 05:50:14.401000','2020-12-28 05:50:14.401000',NULL,0,0,1,NULL,NULL,13),(2,'125851638','haongo00@gmail.com','Normal','123qwe','Admin','2020-12-28 05:58:48.813574','2020-12-28 05:58:48.813574',NULL,0,1,3,1,NULL,2),(3,'184355221','phanminh118@gmail.com','Normal','123456789','Owner','2020-12-28 06:10:23.281000','2020-12-28 07:02:48.000000',NULL,0,1,2,2,1,4),(4,'125834123','hamo00@gmail.com','Normal','123qwe','RenTer','2020-12-28 06:19:55.238000','2020-12-28 06:19:55.238000',NULL,0,0,4,NULL,2,5),(5,'1312412515','nguyentiep123@gmail.com','Normal','123qwe','OwnerNTT','2020-12-28 07:09:33.219000','2020-12-28 07:09:33.219000',NULL,0,1,2,2,3,6),(6,'184451121','iphonetham1@gmail.com','Normal','123456','duy kien ','2020-12-28 07:14:25.895000','2020-12-28 07:14:25.895000',NULL,0,0,4,NULL,4,9),(7,'123567976','hamo1112@gmail.com','Normal','123qwe','Owner3','2020-12-28 07:15:19.334000','2020-12-28 07:15:19.334000',NULL,0,1,2,2,5,8),(8,'13142514124','nhatrontt@gmail.com','Normal','123qwe','Nhà trọ','2020-12-28 11:37:57.566000','2020-12-28 11:37:57.566000',NULL,0,1,2,2,6,10),(9,'123456789','nhatro2@gmail.com','Normal','123qwe','Nhà trọ','2020-12-28 12:32:28.450000','2020-12-28 12:32:28.450000',NULL,0,1,2,2,7,11),(10,'184533552','renter112@gmail.com','Normal','123456','renter','2020-12-28 12:48:23.331000','2020-12-28 12:48:23.331000',NULL,0,0,4,NULL,8,12);
/*!40000 ALTER TABLE `user` ENABLE KEYS */;
UNLOCK TABLES;

--
-- Table structure for table `ward`
--

DROP TABLE IF EXISTS `ward`;
/*!40101 SET @saved_cs_client     = @@character_set_client */;
/*!50503 SET character_set_client = utf8mb4 */;
CREATE TABLE `ward` (
  `id` int(11) NOT NULL AUTO_INCREMENT,
  `code` varchar(20) NOT NULL,
  `name` varchar(255) CHARACTER SET utf8 NOT NULL,
  `districtId` int(11) DEFAULT NULL,
  PRIMARY KEY (`id`),
  UNIQUE KEY `IDX_14bd787455693efede59d248a7` (`code`),
  KEY `FK_19a3bc9b3be291e8b9bc2bb623b` (`districtId`),
  CONSTRAINT `FK_19a3bc9b3be291e8b9bc2bb623b` FOREIGN KEY (`districtId`) REFERENCES `district` (`id`) ON DELETE CASCADE ON UPDATE CASCADE
) ENGINE=InnoDB AUTO_INCREMENT=166 DEFAULT CHARSET=utf8mb4;
/*!40101 SET character_set_client = @saved_cs_client */;

--
-- Dumping data for table `ward`
--

LOCK TABLES `ward` WRITE;
/*!40000 ALTER TABLE `ward` DISABLE KEYS */;
INSERT INTO `ward` VALUES (1,'0001',' Cống Vị',1),(2,'0002','Điện Biên',1),(3,'0003','Đội Cấn',1),(4,'0004','Giảng Võ',1),(5,'0005','Kim Mã',1),(6,'0006','Liễu Giai',1),(7,'0007','Ngọc Hà',1),(8,'0008','Ngọc Khánh',1),(9,'0009','Nguyễn Trung Trực',1),(10,'0010','Phúc Xá',1),(11,'0011','Quán Thánh',1),(12,'0012','Thành Công',1),(13,'0013','Trúc Bạch',1),(14,'0014','Cổ Nhuế 1',2),(15,'0015','Cổ Nhuế 2',2),(16,'0016','Đông Ngạc',2),(17,'0017','Đức Thắng',2),(18,'0018','Liên Mạc',2),(19,'0019','Minh Khai',2),(20,'0020','Thụy Phương',2),(21,'0021','Thượng Cát',2),(22,'0022','Tây Tựu',2),(23,'0023','Phú Diễn',2),(24,'0024','Phúc Diễn',2),(25,'0025','Xuân Đỉnh',2),(26,'0026','Xuân Tảo',2),(27,'0027','Dịch Vọng',3),(28,'0028','Dịch Vọng Hậu',3),(29,'0029','Mai Dịch',3),(30,'0030','Nghĩa Đô',3),(31,'0031','Nghĩa Tân',3),(32,'0032','Quan Hoa',3),(33,'0033','Trung Hòa',3),(34,'0034','Yên Hòa',3),(35,'0035','Cát Linh',4),(36,'0036','Hàng Bột',4),(37,'0037','Khâm Thiên',4),(38,'0038','Khương Thượng',4),(39,'0039','Kim Liên',4),(40,'0040','Láng Hạ',4),(41,'0041','Láng Thượng',4),(42,'0042','Nam Đồng',4),(43,'0043','Ngã Tư Sở',4),(44,'0044','Ô Chợ Dừa',4),(45,'0045','Phương Liên',4),(46,'0046','Phương Mai',4),(47,'0047','Quan Trung',4),(48,'0048','Quốc Tử Giám',4),(49,'0049','Thịnh Quang',4),(50,'0050','Thổ Quan',4),(51,'0051','Trung Liệt',4),(52,'0052','Trung Phụng',4),(53,'0053','Trung Tự',4),(54,'0054','Văn Chương',4),(55,'0055','Văn Miếu',4),(56,'0056','Biên Giang',5),(57,'0057','Đồng Mai',5),(58,'0058','Yên Nghĩa',5),(59,'0059','Dương Nội',5),(60,'0060','Hà Cầu',5),(61,'0061','La Khê',5),(62,'0062','Mộ Lao',5),(63,'0063','Nguyễn Trãi',5),(64,'0064','Phú La',5),(65,'0065','Phúc Lãm',5),(66,'0066','Phú Lương',5),(67,'0067','Kiến Hưng',5),(68,'0068','Phúc La',5),(69,'0069','Quang Trung',5),(70,'0070','Vạn Phúc',5),(71,'0071','Văn Quán',5),(72,'0072','Yết Kiêu',5),(73,'0073','Bách Khoa',6),(74,'0074','Bạch Đằng',6),(75,'0075','Bạch Mai',6),(76,'0076','Cầu Dền',6),(77,'0077','Đồng Mác',6),(78,'0078','Đồng Nhân',6),(79,'0079','Đồng Tâm',6),(80,'0080','Lê Đại Hành',6),(81,'0081','Minh Khai',6),(82,'0082','Nguyễn Du',6),(83,'0083','Phạm Đình Hổ',6),(84,'0084','Phố Huế',6),(85,'0085','Quỳnh Mai',6),(86,'0086','Thanh Lương',6),(87,'0087','Thanh Nhàn',6),(88,'0088','Trương Định',6),(89,'0089','Vĩnh Tuy',6),(90,'0090','Chương Dương',7),(91,'0091','Cửa Đông',7),(92,'0092','Cửa Nam',7),(93,'0093','Đồng Xuân',7),(94,'0094','Hàng Bạc',7),(95,'0095','Hàng Bài',7),(96,'0096','Hàng Bồ',7),(97,'0097','Hàng Bông',7),(98,'0098','Hàng Buồm',7),(99,'0099','Hàng Đào',7),(100,'0100','Hàng Gai',7),(101,'0101','Hàng Mã',7),(102,'0102','Hàng Trống',7),(103,'0103','Lý Thái Tổ',7),(104,'0104','Phan Chu Trinh',7),(105,'0105','Phúc Tân',7),(106,'0106','Trần Hưng Đạo',7),(107,'0107','Tràng Tiền',7),(108,'0108','Đại Kim',8),(109,'0109','Định Công',8),(110,'0110','Giáp Bát',8),(111,'0111','Hoàng Liệt',8),(112,'0112','Hoàng Văn Thụ',8),(113,'0113','Lĩnh Nam',8),(114,'0114','Mai Động',8),(115,'0115','Tân Mai',8),(116,'0116','Tây Tựu',8),(117,'0117','Thanh Trì',8),(118,'0118','Thanh Liệt',8),(119,'0119','Trần Phú',8),(120,'0120','Tương Mai',8),(121,'0121','Vĩnh Hưng',8),(122,'0122','Yên Sở',8),(123,'0123','Bồ Đề',9),(124,'0124','Cự Khối',9),(125,'0125','Đức Giang',9),(126,'0126','Gia Thụy',9),(127,'0127','Giang Biên',9),(128,'0128','Long Biên',9),(129,'0129','Ngọc Lâm',9),(130,'0130','Ngọc Thụy',9),(131,'0131','Phúc Đồng',9),(132,'0132','Phúc Lợi',9),(133,'0133','Sài Đồng',9),(134,'0134','Thạch Bàn',9),(135,'0135','Thượng Thanh',9),(136,'0136','VIệt Hưng',9),(137,'0137','Cầu Diễn',10),(138,'0138','Mỹ Đình 1',10),(139,'0139','Mỹ Đình 2',10),(140,'0140','Phú Đô',10),(141,'0141','Mễ Trì',10),(142,'0142','Trung văn',10),(143,'0143','Đại Mỗ',10),(144,'0144','Tây Mỗ',10),(145,'0145','Phương Canh',10),(146,'0146','Xuân Phương',10),(147,'0147','Bưởi',11),(148,'0148','Nhật Tân',11),(149,'0149','Phú Thượng',11),(150,'0150','Quảng An',11),(151,'0151','Thụy Khê',11),(152,'0152','Tứ Liên',11),(153,'0153','Xuân La',11),(154,'0154','Yên Phụ',11),(155,'0155','Hạ Đình',12),(156,'0156','Khương Đình',12),(157,'0157','Khương Mai',12),(158,'0158','Khương Trung',12),(159,'0159','Kim Giang',12),(160,'0160','Nhân Chính',12),(161,'0161','Phường Liệt',12),(162,'0162','Thanh Xuân Bắc',12),(163,'0163','Thanh Xuân Nam',12),(164,'0164','Thanh Xuân Trung',12),(165,'0165','Thượng Đình',12);
/*!40000 ALTER TABLE `ward` ENABLE KEYS */;
UNLOCK TABLES;
/*!40103 SET TIME_ZONE=@OLD_TIME_ZONE */;

/*!40101 SET SQL_MODE=@OLD_SQL_MODE */;
/*!40014 SET FOREIGN_KEY_CHECKS=@OLD_FOREIGN_KEY_CHECKS */;
/*!40014 SET UNIQUE_CHECKS=@OLD_UNIQUE_CHECKS */;
/*!40101 SET CHARACTER_SET_CLIENT=@OLD_CHARACTER_SET_CLIENT */;
/*!40101 SET CHARACTER_SET_RESULTS=@OLD_CHARACTER_SET_RESULTS */;
/*!40101 SET COLLATION_CONNECTION=@OLD_COLLATION_CONNECTION */;
/*!40111 SET SQL_NOTES=@OLD_SQL_NOTES */;

-- Dump completed on 2021-09-29 23:26:39
